id,rate,edu,med_inc
01001,0.051,0.665,56580
01003,0.049,0.712,52387
01005,0.086,0.655,31433
01007,0.062,0.579,40767
01009,0.051,0.666,50487
01011,0.071,0.667,28251
01013,0.067,0.623,33868
01015,0.061,0.682,42091
01017,0.05,0.616,35560
01019,0.05,0.636,39144
01021,0.052,0.608,42767
01023,0.079,0.632,35089
01025,0.111,0.561,37317
01027,0.059,0.637,38908
01029,0.055,0.617,42136
01031,0.056,0.705,46858
01033,0.065,0.655,41171
01035,0.077,0.555,29981
01037,0.057,0.624,36078
01039,0.067,0.664,36355
01041,0.057,0.62,36759
01043,0.048,0.653,39290
01045,0.056,0.678,45294
01047,0.095,0.654,29682
01049,0.057,0.648,37305
01051,0.047,0.646,53548
01053,0.063,0.579,36840
01055,0.057,0.681,42145
01057,0.066,0.612,37085
01059,0.055,0.625,38535
01061,0.054,0.629,36289
01063,0.093,0.611,25398
01065,0.076,0.571,35470
01067,0.063,0.645,42501
01069,0.056,0.669,43568
01071,0.059,0.602,40201
01073,0.055,0.735,48415
01075,0.052,0.629,36520
01077,0.06,0.659,43008
01079,0.064,0.594,41771
01081,0.049,0.745,46442
01083,0.05,0.679,55060
01085,0.103,0.647,31117
01087,0.072,0.691,29522
01089,0.049,0.787,59117
01091,0.069,0.58,35389
01093,0.061,0.655,34977
01095,0.051,0.681,40599
01097,0.065,0.672,42530
01099,0.086,0.553,35163
01101,0.056,0.74,42666
01103,0.052,0.69,47234
01105,0.109,0.614,26218
01107,0.067,0.578,33160
01109,0.064,0.661,34442
01111,0.057,0.644,37333
01113,0.053,0.686,36124
01115,0.05,0.645,53558
01117,0.042,0.786,70879
01119,0.073,0.595,25931
01121,0.064,0.637,37911
01123,0.051,0.656,39051
01125,0.055,0.695,47868
01127,0.072,0.635,37305
01129,0.083,0.539,42658
01131,0.139,0.587,23014
01133,0.07,0.663,36497
02013,0.019,0.606,57015
02016,0.022,0.63,80695
02020,0.05,0.759,77791
02050,0.141,0.564,44849
02060,0.056,0.693,66373
02068,0.032,0.761,73000
02070,0.081,0.619,50753
02090,0.049,0.766,70881
02100,0.059,0.723,57876
02105,0.073,0.687,53726
02110,0.036,0.789,82892
02122,0.069,0.669,62025
02130,0.044,0.672,65314
02150,0.048,0.727,67515
02158,0.217,0.51,33511
02164,0.092,0.571,42120
02170,0.074,0.684,76601
02180,0.136,0.587,52952
02185,0.069,0.632,70834
02188,0.165,0.564,53774
02195,0.057,0.688,63098
02198,0.094,0.591,45305
02220,0.03,0.779,68472
02230,0.03,0.71,65878
02240,0.087,0.668,60203
02261,0.054,0.728,70101
02275,0.054,0.644,54500
02282,0.058,0.553,53795
02290,0.164,0.599,37755
04001,0.118,0.666,31072
04003,0.065,0.766,43451
04005,0.064,0.787,51955
04007,0.076,0.7,41346
04009,0.073,0.671,44169
04011,0.077,0.625,58854
04012,0.066,0.634,34835
04013,0.049,0.77,56017
04015,0.07,0.643,40360
04017,0.085,0.705,37658
04019,0.054,0.772,47107
04021,0.059,0.699,50888
04023,0.13,0.747,34893
04025,0.05,0.744,47220
04027,0.244,0.75,40426
05001,0.032,0.575,41179
05003,0.063,0.586,39871
05005,0.041,0.644,36902
05007,0.027,0.692,60294
05009,0.033,0.641,40909
05011,0.059,0.579,37331
05013,0.051,0.507,40526
05015,0.028,0.65,37587
05017,0.06,0.554,29968
05019,0.045,0.664,37856
05021,0.05,0.562,35324
05023,0.057,0.608,43913
05025,0.044,0.552,44123
05027,0.057,0.618,38057
05029,0.059,0.579,43702
05031,0.031,0.672,42460
05033,0.037,0.613,46545
05035,0.044,0.637,37371
05037,0.039,0.542,39132
05039,0.05,0.495,33352
05041,0.051,0.596,30987
05043,0.057,0.645,39339
05045,0.037,0.694,51157
05047,0.039,0.596,41933
05049,0.039,0.57,34717
05051,0.04,0.678,37723
05053,0.032,0.569,47652
05055,0.04,0.569,43996
05057,0.037,0.62,34560
05059,0.036,0.579,39851
05061,0.034,0.665,33199
05063,0.05,0.611,38241
05065,0.053,0.6,35355
05067,0.059,0.547,32571
05069,0.059,0.613,36990
05071,0.048,0.589,35877
05073,0.062,0.567,33864
05075,0.045,0.573,34808
05077,0.045,0.605,28481
05079,0.049,0.52,40216
05081,0.051,0.594,39265
05083,0.044,0.563,37924
05085,0.032,0.66,56240
05087,0.03,0.54,41007
05089,0.038,0.566,34946
05091,0.043,0.607,39005
05093,0.071,0.634,34888
05095,0.045,0.588,30801
05097,0.046,0.624,37813
05099,0.037,0.572,35914
05101,0.036,0.576,33679
05103,0.056,0.568,37987
05105,0.044,0.579,43020
05107,0.055,0.683,28224
05109,0.038,0.644,36266
05111,0.041,0.574,32756
05113,0.047,0.61,34723
05115,0.047,0.668,41074
05117,0.037,0.582,39518
05119,0.035,0.73,46473
05121,0.046,0.607,34730
05123,0.05,0.603,31625
05125,0.03,0.661,56926
05127,0.037,0.604,36028
05129,0.043,0.598,30427
05131,0.035,0.681,41452
05133,0.048,0.651,41848
05135,0.052,0.541,32095
05137,0.048,0.646,32023
05139,0.056,0.623,42195
05141,0.064,0.573,38306
05143,0.026,0.721,46418
05145,0.048,0.624,42508
05147,0.053,0.555,31013
05149,0.044,0.594,37415
06001,0.046,0.815,81462
06003,0.073,0.694,50882
06005,0.057,0.73,55879
06007,0.066,0.774,45369
06009,0.057,0.724,52471
06011,0.1,0.783,51118
06013,0.047,0.813,83036
06015,0.073,0.709,38963
06017,0.051,0.782,75575
06019,0.087,0.772,46608
06021,0.079,0.704,43584
06023,0.051,0.748,40739
06025,0.264,0.781,39925
06027,0.049,0.691,51697
06029,0.097,0.727,51150
06031,0.089,0.752,46440
06033,0.063,0.717,37993
06035,0.061,0.712,54670
06037,0.053,0.793,59045
06039,0.082,0.749,46593
06041,0.035,0.882,99868
06043,0.054,0.715,44595
06045,0.05,0.735,43237
06047,0.092,0.752,42879
06049,0.066,0.739,38402
06051,0.052,0.832,53992
06053,0.056,0.792,60047
06055,0.04,0.807,72683
06057,0.048,0.798,57627
06059,0.043,0.823,78002
06061,0.047,0.806,76203
06063,0.071,0.761,46813
06065,0.069,0.742,57895
06067,0.057,0.777,58735
06069,0.062,0.756,76521
06071,0.062,0.738,53526
06073,0.05,0.81,67053
06075,0.035,0.873,90527
06077,0.077,0.736,53341
06079,0.045,0.803,61761
06081,0.032,0.835,101133
06083,0.048,0.823,63049
06085,0.04,0.848,102191
06087,0.057,0.845,64841
06089,0.068,0.742,45943
06091,0.066,0.655,47535
06093,0.071,0.751,37447
06095,0.057,0.762,67202
06097,0.041,0.801,66463
06099,0.079,0.717,51949
06101,0.079,0.752,50810
06103,0.074,0.695,40292
06105,0.059,0.69,37669
06107,0.106,0.748,42637
06109,0.061,0.703,53136
06111,0.057,0.81,79285
06113,0.055,0.803,58766
06115,0.08,0.75,46500
08001,0.036,0.712,62991
08003,0.043,0.741,40067
08005,0.032,0.796,67062
08007,0.031,0.74,50361
08009,0.018,0.684,35405
08011,0.031,0.555,36630
08013,0.029,0.873,72392
08014,0.031,0.853,86548
08015,0.024,0.733,50947
08017,0.027,0.664,50620
08019,0.033,0.78,67262
08021,0.049,0.672,37102
08023,0.048,0.726,27944
08025,0.036,0.609,35405
08027,0.03,0.813,43995
08029,0.047,0.625,42586
08031,0.032,0.823,57886
08033,0.041,0.622,44829
08035,0.028,0.871,109926
08037,0.025,0.821,75191
08039,0.026,0.73,90270
08041,0.039,0.79,60050
08043,0.051,0.608,41967
08045,0.033,0.739,64487
08047,0.026,0.756,67389
08049,0.023,0.745,59885
08051,0.021,0.83,47619
08053,0.02,0.785,58613
08055,0.062,0.73,33098
08057,0.023,0.585,46905
08059,0.031,0.787,71209
08061,0.021,0.657,42108
08063,0.018,0.615,44090
08065,0.026,0.645,45913
08067,0.029,0.806,60732
08069,0.029,0.81,64935
08071,0.05,0.717,38858
08073,0.025,0.578,43188
08075,0.033,0.687,46306
08077,0.053,0.709,51449
08079,0.017,0.786,50481
08081,0.036,0.597,59173
08083,0.045,0.71,42975
08085,0.039,0.684,46860
08087,0.035,0.679,49087
08089,0.046,0.711,34970
08091,0.032,0.806,60402
08093,0.027,0.745,63319
08095,0.023,0.709,48562
08097,0.027,0.885,76663
08099,0.035,0.722,41348
08101,0.049,0.71,40540
08103,0.051,0.663,61426
08105,0.051,0.705,40259
08107,0.026,0.795,70989
08109,0.059,0.753,34209
08111,0.024,0.665,43489
08113,0.024,0.82,62793
08115,0.022,0.649,40325
08117,0.021,0.828,69633
08119,0.037,0.752,66191
08121,0.021,0.649,47592
08123,0.035,0.73,69434
08125,0.022,0.683,48934
09001,0.052,0.774,86297
09003,0.06,0.729,69260
09005,0.048,0.707,70847
09007,0.048,0.732,82878
09009,0.061,0.698,61758
09011,0.054,0.688,65602
09013,0.048,0.726,81616
09015,0.058,0.657,61303
10001,0.051,0.665,55678
10003,0.045,0.714,66179
10005,0.037,0.647,54309
11001,0.065,0.82,73115
12001,0.044,0.785,47023
12003,0.047,0.562,50883
12005,0.046,0.694,47745
12007,0.042,0.63,40879
12009,0.052,0.712,50352
12011,0.046,0.724,53624
12013,0.059,0.625,36062
12015,0.053,0.651,45495
12017,0.068,0.618,39982
12019,0.044,0.693,59244
12021,0.053,0.733,62385
12023,0.048,0.639,43303
12027,0.061,0.591,34380
12029,0.053,0.59,35749
12031,0.051,0.714,49565
12033,0.05,0.711,45735
12035,0.054,0.653,50347
12037,0.041,0.646,38220
12039,0.063,0.654,36637
12041,0.051,0.612,39342
12043,0.069,0.555,40215
12045,0.043,0.653,41320
12047,0.044,0.626,33497
12049,0.072,0.589,35850
12051,0.115,0.678,39320
12053,0.06,0.625,43103
12055,0.069,0.637,34691
12057,0.045,0.727,51710
12059,0.056,0.631,35202
12061,0.066,0.697,49887
12063,0.054,0.635,36751
12065,0.053,0.685,42210
12067,0.038,0.633,40345
12069,0.047,0.665,49711
12071,0.047,0.684,50713
12073,0.047,0.81,46405
12075,0.052,0.591,36005
12077,0.054,0.565,39623
12079,0.053,0.61,34360
12081,0.046,0.693,50728
12083,0.059,0.634,40053
12085,0.05,0.739,53459
12086,0.056,0.715,43687
12087,0.031,0.721,58332
12089,0.046,0.645,55707
12091,0.039,0.738,55391
12093,0.058,0.63,35787
12095,0.043,0.739,50593
12097,0.05,0.657,45127
12099,0.051,0.745,56638
12101,0.051,0.663,46080
12103,0.043,0.705,47591
12105,0.058,0.638,44024
12107,0.06,0.612,32351
12109,0.036,0.788,71896
12111,0.06,0.666,45918
12113,0.046,0.72,59289
12115,0.045,0.698,55882
12117,0.042,0.759,57357
12119,0.067,0.694,54592
12121,0.051,0.592,37368
12123,0.055,0.608,39116
12125,0.046,0.626,41078
12127,0.05,0.662,42334
12129,0.041,0.606,48703
12131,0.041,0.719,47875
12133,0.05,0.587,36328
13001,0.069,0.572,39588
13003,0.046,0.608,32398
13005,0.052,0.595,35431
13007,0.083,0.578,34455
13009,0.072,0.61,38015
13011,0.048,0.545,44146
13013,0.046,0.65,53789
13015,0.05,0.65,50900
13017,0.081,0.583,30776
13019,0.061,0.62,35518
13021,0.057,0.674,38870
13023,0.076,0.552,42716
13025,0.066,0.544,37709
13027,0.048,0.62,36820
13029,0.048,0.724,69650
13031,0.056,0.72,36544
13033,0.075,0.601,36977
13035,0.052,0.562,44166
13037,0.06,0.614,30972
13039,0.057,0.686,52706
13043,0.047,0.651,32806
13045,0.059,0.642,45453
13047,0.048,0.683,50979
13049,0.058,0.582,37037
13051,0.05,0.745,48885
13053,0.086,0.73,41066
13055,0.061,0.603,38063
13057,0.041,0.752,74885
13059,0.054,0.782,33302
13061,0.096,0.552,25941
13063,0.064,0.68,41731
13065,0.06,0.646,31848
13067,0.044,0.805,70097
13069,0.056,0.609,34775
13071,0.053,0.633,34151
13073,0.048,0.762,75232
13075,0.052,0.605,34505
13077,0.049,0.684,67268
13079,0.055,0.644,43559
13081,0.059,0.643,31095
13083,0.051,0.645,43632
13085,0.045,0.71,60195
13087,0.065,0.651,37661
13089,0.052,0.79,53994
13091,0.07,0.579,34611
13093,0.055,0.566,32323
13095,0.068,0.707,34799
13097,0.053,0.688,58443
13099,0.067,0.619,31935
13101,0.045,0.638,34414
13103,0.047,0.618,63255
13105,0.062,0.543,35814
13107,0.074,0.598,31772
13109,0.048,0.621,34085
13111,0.05,0.612,39796
13113,0.047,0.785,80588
13115,0.059,0.69,41130
13117,0.041,0.807,97886
13119,0.055,0.617,40156
13121,0.052,0.82,59911
13123,0.054,0.645,43907
13125,0.063,0.554,40732
13127,0.05,0.718,46377
13129,0.053,0.643,44580
13131,0.054,0.632,36486
13133,0.059,0.644,43326
13135,0.046,0.766,61797
13137,0.05,0.66,44400
13139,0.044,0.719,54578
13141,0.089,0.594,28328
13143,0.056,0.623,41167
13145,0.047,0.726,65887
13147,0.053,0.621,39567
13149,0.058,0.568,41514
13151,0.054,0.695,65437
13153,0.053,0.7,55860
13155,0.073,0.558,35284
13157,0.041,0.657,56102
13159,0.047,0.598,46398
13161,0.063,0.598,36186
13163,0.07,0.588,32023
13165,0.071,0.632,29924
13167,0.06,0.607,30794
13169,0.046,0.627,52777
13171,0.064,0.621,42177
13173,0.053,0.695,37616
13175,0.064,0.564,36960
13177,0.048,0.714,68636
13179,0.057,0.685,39612
13181,0.057,0.578,39089
13183,0.056,0.631,42542
13185,0.052,0.717,37699
13187,0.05,0.714,48101
13189,0.072,0.614,36346
13191,0.055,0.642,38770
13193,0.076,0.622,30696
13195,0.047,0.601,40735
13197,0.069,0.625,35265
13199,0.068,0.61,37866
13201,0.055,0.597,35357
13205,0.063,0.602,34139
13207,0.049,0.646,53070
13209,0.071,0.577,36821
13211,0.048,0.652,51081
13213,0.066,0.632,43142
13215,0.066,0.723,41828
13217,0.058,0.68,51177
13219,0.04,0.787,76371
13221,0.045,0.639,43428
13223,0.045,0.644,62658
13225,0.064,0.699,41725
13227,0.048,0.692,56289
13229,0.053,0.607,39648
13231,0.051,0.608,56233
13233,0.057,0.619,39402
13235,0.056,0.564,39209
13237,0.068,0.61,44323
13239,0.077,0.593,29921
13241,0.054,0.66,40834
13243,0.086,0.647,30505
13245,0.065,0.689,40821
13247,0.055,0.688,51510
13249,0.064,0.656,41737
13251,0.069,0.578,35911
13253,0.075,0.597,31615
13255,0.065,0.635,41250
13257,0.059,0.617,38503
13259,0.058,0.644,28977
13261,0.074,0.686,33802
13263,0.066,0.567,33510
13265,0.066,0.561,28952
13267,0.054,0.62,37163
13269,0.07,0.635,32041
13271,0.077,0.507,31149
13273,0.06,0.685,32342
13275,0.063,0.673,40449
13277,0.056,0.664,39988
13279,0.073,0.608,34953
13281,0.063,0.651,39782
13283,0.073,0.584,32086
13285,0.05,0.642,41289
13287,0.064,0.641,35117
13289,0.082,0.613,36086
13291,0.045,0.666,42782
13293,0.062,0.646,37864
13295,0.053,0.628,42249
13297,0.047,0.644,57312
13299,0.054,0.592,35270
13301,0.07,0.577,32350
13303,0.063,0.585,36499
13305,0.066,0.579,41466
13307,0.086,0.537,35770
13309,0.085,0.452,30926
13311,0.044,0.688,43598
13313,0.057,0.711,45921
13315,0.068,0.5,32480
13317,0.067,0.566,34031
13319,0.06,0.488,38103
13321,0.058,0.589,39560
15001,0.041,0.681,54914
15003,0.03,0.736,76544
15007,0.034,0.7,70122
15009,0.034,0.688,68684
16001,0.035,0.786,58431
16003,0.049,0.646,39943
16005,0.036,0.734,43298
16007,0.034,0.61,48309
16009,0.046,0.592,41368
16011,0.037,0.706,49644
16013,0.028,0.82,65272
16015,0.049,0.722,52728
16017,0.043,0.686,44072
16019,0.032,0.725,54008
16021,0.041,0.632,41803
16023,0.037,0.635,43780
16025,0.026,0.722,46203
16027,0.044,0.68,44585
16029,0.032,0.645,57017
16031,0.029,0.731,47932
16033,0.033,0.659,40098
16035,0.059,0.66,42630
16037,0.041,0.652,45801
16039,0.042,0.721,44509
16041,0.029,0.666,53901
16043,0.032,0.658,49555
16045,0.043,0.623,44017
16047,0.03,0.669,48950
16049,0.048,0.627,41157
16051,0.031,0.692,53555
16053,0.028,0.718,47034
16055,0.04,0.716,48864
16057,0.032,0.802,46360
16059,0.048,0.663,40087
16061,0.069,0.657,41688
16063,0.036,0.617,46168
16065,0.029,0.842,38065
16067,0.031,0.708,45429
16069,0.031,0.693,50939
16071,0.031,0.616,47037
16073,0.037,0.631,39738
16075,0.041,0.669,44499
16077,0.042,0.602,44004
16079,0.059,0.638,37497
16081,0.02,0.799,58013
16083,0.034,0.711,45799
16085,0.042,0.714,51774
16087,0.053,0.656,38592
17001,0.047,0.639,47264
17003,0.095,0.642,32922
17005,0.047,0.602,50206
17007,0.058,0.64,62382
17009,0.032,0.581,53516
17011,0.058,0.606,51275
17013,0.057,0.565,51109
17015,0.048,0.567,50432
17017,0.048,0.535,46647
17019,0.05,0.772,50813
17021,0.058,0.559,49041
17023,0.055,0.618,50700
17025,0.064,0.614,43577
17027,0.041,0.673,64030
17029,0.06,0.678,42613
17031,0.057,0.76,56841
17033,0.056,0.664,49856
17035,0.05,0.628,51505
17037,0.05,0.737,56874
17039,0.056,0.614,54796
17041,0.046,0.638,53213
17043,0.044,0.81,81616
17045,0.061,0.608,50306
17047,0.052,0.632,48329
17049,0.045,0.636,53077
17051,0.06,0.6,41838
17053,0.053,0.612,53151
17055,0.08,0.656,43428
17057,0.069,0.641,44649
17059,0.076,0.586,40817
17061,0.053,0.591,43943
17063,0.059,0.624,71928
17065,0.061,0.647,45926
17067,0.069,0.625,48213
17069,0.081,0.657,39128
17071,0.058,0.56,47354
17073,0.054,0.648,58983
17075,0.049,0.589,49836
17077,0.055,0.75,36613
17079,0.062,0.609,52608
17081,0.065,0.672,46460
17083,0.055,0.623,53864
17085,0.044,0.618,51201
17087,0.083,0.686,46838
17089,0.051,0.765,70502
17091,0.061,0.659,53227
17093,0.047,0.754,88773
17095,0.056,0.634,43796
17097,0.048,0.787,82160
17099,0.062,0.625,52316
17101,0.076,0.657,43268
17103,0.048,0.623,52581
17105,0.052,0.595,55474
17107,0.051,0.667,58191
17109,0.068,0.708,42453
17111,0.046,0.735,80513
17113,0.051,0.743,65766
17115,0.066,0.654,48302
17117,0.055,0.627,50460
17119,0.06,0.677,52969
17121,0.062,0.646,43018
17123,0.059,0.597,53610
17125,0.071,0.587,43743
17127,0.074,0.683,41548
17129,0.039,0.628,64706
17131,0.053,0.581,57934
17133,0.039,0.663,79686
17135,0.063,0.583,46006
17137,0.046,0.586,45259
17139,0.045,0.631,58975
17141,0.053,0.663,57268
17143,0.066,0.714,53781
17145,0.069,0.617,46598
17147,0.048,0.653,65122
17149,0.044,0.57,45106
17151,0.068,0.677,41150
17153,0.086,0.645,35135
17155,0.052,0.573,60590
17157,0.048,0.576,50129
17159,0.058,0.667,43332
17161,0.06,0.682,50419
17163,0.062,0.719,50416
17165,0.081,0.669,40873
17167,0.046,0.719,57591
17169,0.049,0.61,50720
17171,0.043,0.506,50474
17173,0.056,0.545,49633
17175,0.067,0.612,50083
17177,0.056,0.647,46430
17179,0.06,0.669,57747
17181,0.071,0.69,44221
17183,0.071,0.594,44705
17185,0.065,0.678,51224
17187,0.052,0.65,46189
17189,0.038,0.65,57019
17191,0.084,0.656,47995
17193,0.062,0.649,46588
17195,0.058,0.65,45463
17197,0.054,0.73,76293
17199,0.062,0.696,47678
17201,0.064,0.667,50024
17203,0.049,0.673,68233
18001,0.038,0.559,49251
18003,0.043,0.706,50017
18005,0.036,0.657,55580
18007,0.043,0.548,50754
18009,0.057,0.505,39611
18011,0.036,0.733,75163
18013,0.038,0.621,53801
18015,0.044,0.587,52550
18017,0.047,0.592,45575
18019,0.044,0.66,51614
18021,0.05,0.551,48947
18023,0.04,0.544,50342
18025,0.056,0.503,41331
18027,0.036,0.628,47019
18029,0.047,0.604,64093
18031,0.036,0.547,51625
18033,0.042,0.594,52382
18035,0.055,0.645,40633
18037,0.033,0.581,57336
18039,0.04,0.631,50117
18041,0.059,0.572,42538
18043,0.044,0.679,57367
18045,0.059,0.558,51108
18047,0.042,0.574,53263
18049,0.048,0.564,51660
18051,0.038,0.597,53483
18053,0.051,0.585,39984
18055,0.066,0.589,47952
18057,0.034,0.841,91844
18059,0.04,0.667,70277
18061,0.044,0.581,53719
18063,0.036,0.711,73478
18065,0.047,0.565,47954
18067,0.048,0.636,47390
18069,0.042,0.566,49103
18071,0.04,0.519,45504
18073,0.051,0.572,60195
18075,0.047,0.514,42646
18077,0.05,0.605,47841
18079,0.048,0.526,46047
18081,0.038,0.662,68256
18083,0.045,0.622,42818
18085,0.04,0.623,54147
18087,0.037,0.669,56662
18089,0.066,0.646,50613
18091,0.06,0.608,47401
18093,0.056,0.571,46890
18095,0.049,0.609,45065
18097,0.047,0.715,41407
18099,0.039,0.595,49714
18101,0.041,0.569,47717
18103,0.048,0.573,46968
18105,0.051,0.777,45341
18107,0.041,0.558,49425
18109,0.042,0.584,58376
18111,0.053,0.505,48316
18113,0.042,0.589,51876
18115,0.049,0.506,53177
18117,0.052,0.535,40918
18119,0.054,0.563,43731
18121,0.051,0.595,43637
18123,0.049,0.488,47192
18125,0.046,0.533,47324
18127,0.053,0.648,66070
18129,0.043,0.605,58298
18131,0.046,0.538,47455
18133,0.045,0.572,53910
18135,0.045,0.56,41315
18137,0.045,0.551,51553
18139,0.04,0.526,48970
18141,0.05,0.688,46881
18143,0.049,0.574,43104
18145,0.04,0.559,54639
18147,0.042,0.564,56451
18149,0.052,0.577,48106
18151,0.038,0.619,53191
18153,0.061,0.579,44939
18155,0.053,0.534,46344
18157,0.043,0.734,50170
18159,0.038,0.595,56292
18161,0.042,0.574,45050
18163,0.044,0.655,43823
18165,0.065,0.561,44376
18167,0.057,0.664,39635
18169,0.045,0.575,48223
18171,0.05,0.562,57768
18173,0.044,0.662,66461
18175,0.046,0.541,43498
18177,0.049,0.614,41849
18179,0.036,0.582,55987
18181,0.039,0.557,50370
18183,0.04,0.577,56142
19001,0.034,0.553,51531
19003,0.029,0.609,48162
19005,0.049,0.579,47756
19007,0.057,0.637,41018
19009,0.037,0.577,50948
19011,0.04,0.636,65127
19013,0.058,0.673,50335
19015,0.034,0.652,58010
19017,0.042,0.666,65295
19019,0.046,0.571,55848
19021,0.044,0.69,51991
19023,0.045,0.592,54947
19025,0.047,0.63,49206
19027,0.031,0.594,58575
19029,0.03,0.557,45915
19031,0.038,0.63,60120
19033,0.044,0.682,50208
19035,0.041,0.644,52879
19037,0.046,0.568,57559
19039,0.034,0.554,49424
19041,0.041,0.631,52584
19043,0.042,0.555,48598
19045,0.061,0.637,52945
19047,0.052,0.642,51834
19049,0.032,0.789,81381
19051,0.053,0.626,49851
19053,0.035,0.614,39424
19055,0.037,0.559,59260
19057,0.059,0.644,50125
19059,0.035,0.704,56869
19061,0.04,0.646,57862
19063,0.042,0.654,46092
19065,0.05,0.605,47615
19067,0.039,0.645,49111
19069,0.038,0.619,52975
19071,0.041,0.636,55421
19073,0.043,0.643,51002
19075,0.037,0.647,62423
19077,0.036,0.607,54719
19079,0.04,0.668,54042
19081,0.03,0.636,56746
19083,0.042,0.651,50947
19085,0.037,0.619,57244
19087,0.044,0.627,50241
19089,0.036,0.56,50602
19091,0.032,0.629,52702
19093,0.028,0.599,53804
19095,0.032,0.616,63185
19097,0.045,0.552,49956
19099,0.04,0.603,53765
19101,0.046,0.696,43495
19103,0.032,0.829,57706
19105,0.044,0.604,55789
19107,0.051,0.572,50054
19109,0.03,0.62,52433
19111,0.081,0.583,45428
19113,0.043,0.728,58142
19115,0.045,0.627,53197
19117,0.038,0.551,46933
19119,0.023,0.629,64057
19121,0.037,0.611,65294
19123,0.043,0.624,50335
19125,0.034,0.643,57411
19127,0.049,0.671,53980
19129,0.04,0.641,62507
19131,0.03,0.558,61352
19133,0.046,0.567,43991
19135,0.054,0.552,48181
19137,0.042,0.624,43210
19139,0.044,0.65,53401
19141,0.03,0.623,53907
19143,0.031,0.624,54415
19145,0.064,0.653,46870
19147,0.039,0.691,48992
19149,0.029,0.644,61929
19151,0.034,0.611,47872
19153,0.041,0.747,60436
19155,0.038,0.651,52927
19157,0.04,0.632,52861
19159,0.037,0.645,45870
19161,0.03,0.607,52506
19163,0.054,0.717,58160
19165,0.032,0.632,54614
19167,0.024,0.681,62875
19169,0.029,0.812,51706
19171,0.042,0.59,59226
19173,0.039,0.58,46466
19175,0.044,0.6,45010
19177,0.049,0.565,43653
19179,0.074,0.633,44738
19181,0.038,0.674,67728
19183,0.035,0.642,55283
19185,0.046,0.565,44381
19187,0.047,0.675,44922
19189,0.041,0.649,48408
19191,0.036,0.649,59096
19193,0.042,0.658,50774
19195,0.035,0.634,50761
19197,0.045,0.625,49882
20001,0.069,0.666,41604
20003,0.046,0.609,47267
20005,0.074,0.59,46110
20007,0.044,0.634,54176
20009,0.05,0.661,50558
20011,0.057,0.688,39609
20013,0.042,0.602,46884
20015,0.046,0.732,61473
20017,0.046,0.665,48911
20019,0.059,0.639,42324
20021,0.052,0.654,39842
20023,0.033,0.685,44111
20025,0.03,0.739,50392
20027,0.048,0.663,51351
20029,0.051,0.658,42730
20031,0.082,0.632,57160
20033,0.032,0.716,43809
20035,0.051,0.695,47851
20037,0.054,0.718,38139
20039,0.047,0.624,43919
20041,0.047,0.64,47570
20043,0.047,0.613,47000
20045,0.041,0.8,52447
20047,0.033,0.693,46380
20049,0.068,0.647,39147
20051,0.034,0.723,49192
20053,0.043,0.678,49986
20055,0.035,0.769,53245
20057,0.036,0.77,47915
20059,0.048,0.639,51484
20061,0.064,0.702,45590
20063,0.03,0.623,46580
20065,0.05,0.673,45018
20067,0.039,0.711,59218
20069,0.026,0.744,64284
20071,0.027,0.697,44667
20073,0.057,0.599,41168
20075,0.032,0.652,50056
20077,0.04,0.634,46869
20079,0.063,0.704,55470
20081,0.028,0.791,59356
20083,0.027,0.741,54513
20085,0.04,0.594,51662
20087,0.041,0.593,59080
20089,0.045,0.606,43201
20091,0.037,0.848,83007
20093,0.037,0.766,59134
20095,0.048,0.652,52907
20097,0.035,0.731,46381
20099,0.062,0.669,42323
20101,0.039,0.703,57388
20103,0.045,0.691,61465
20105,0.04,0.677,42277
20107,0.07,0.628,46065
20109,0.032,0.645,48399
20111,0.043,0.666,39562
20113,0.039,0.709,61356
20115,0.059,0.636,51196
20117,0.036,0.552,49270
20119,0.029,0.689,56325
20121,0.043,0.675,62375
20123,0.031,0.66,48310
20125,0.069,0.679,43289
20127,0.043,0.643,49720
20129,0.046,0.675,53443
20131,0.03,0.581,54486
20133,0.081,0.664,40744
20135,0.041,0.641,53456
20137,0.029,0.654,45096
20139,0.046,0.595,48364
20141,0.041,0.637,43518
20143,0.045,0.671,50302
20145,0.036,0.72,47359
20147,0.036,0.647,46984
20149,0.041,0.688,60601
20151,0.05,0.735,52634
20153,0.026,0.692,47448
20155,0.052,0.714,47178
20157,0.032,0.649,44593
20159,0.048,0.695,52400
20161,0.037,0.826,46690
20163,0.055,0.632,45309
20165,0.047,0.67,43895
20167,0.046,0.672,42625
20169,0.04,0.665,47052
20171,0.027,0.666,56267
20173,0.052,0.732,50995
20175,0.049,0.752,45807
20177,0.045,0.689,51316
20179,0.029,0.662,51221
20181,0.038,0.667,42491
20183,0.037,0.647,43872
20185,0.05,0.713,47129
20187,0.033,0.726,55341
20189,0.047,0.644,59735
20191,0.049,0.641,51451
20193,0.032,0.711,50574
20195,0.042,0.668,48576
20197,0.038,0.611,57339
20199,0.033,0.671,48426
20201,0.039,0.62,46153
20203,0.026,0.704,52917
20205,0.069,0.632,41461
20207,0.069,0.612,37394
20209,0.061,0.671,41746
21001,0.061,0.637,32007
21003,0.039,0.64,42287
21005,0.036,0.612,55523
21007,0.09,0.606,44352
21009,0.043,0.585,40017
21011,0.065,0.608,35143
21013,0.083,0.644,23968
21015,0.035,0.719,68804
21017,0.046,0.633,46370
21019,0.083,0.641,43406
21021,0.045,0.65,40459
21023,0.054,0.566,44846
21025,0.083,0.657,28196
21027,0.057,0.56,42347
21029,0.038,0.592,54755
21031,0.048,0.567,39545
21033,0.05,0.551,39355
21035,0.041,0.684,40585
21037,0.035,0.69,51694
21039,0.068,0.618,43144
21041,0.05,0.56,46499
21043,0.106,0.586,37204
21045,0.044,0.626,33576
21047,0.06,0.673,39840
21049,0.045,0.648,54812
21051,0.097,0.631,24001
21053,0.064,0.638,29178
21055,0.052,0.621,40202
21057,0.046,0.609,30989
21059,0.04,0.622,48724
21061,0.054,0.579,38673
21063,0.117,0.58,30299
21065,0.052,0.514,32541
21067,0.033,0.794,51963
21069,0.055,0.611,47030
21071,0.104,0.653,30888
21073,0.036,0.682,50471
21075,0.066,0.652,30798
21077,0.044,0.558,47679
21079,0.043,0.612,45018
21081,0.042,0.552,45307
21083,0.064,0.633,39515
21085,0.062,0.578,37057
21087,0.04,0.54,36226
21089,0.088,0.626,45690
21091,0.047,0.532,52929
21093,0.041,0.679,49637
21095,0.116,0.644,27425
21097,0.044,0.575,47040
21099,0.044,0.587,34764
21101,0.045,0.634,45718
21103,0.039,0.554,47802
21105,0.051,0.588,40890
21107,0.055,0.605,44750
21109,0.069,0.566,30565
21111,0.042,0.725,51230
21113,0.036,0.711,49839
21115,0.092,0.627,36051
21117,0.038,0.706,52631
21119,0.105,0.649,30138
21121,0.075,0.593,28578
21123,0.039,0.569,40202
21125,0.058,0.621,37737
21127,0.106,0.585,36276
21129,0.083,0.575,26201
21131,0.132,0.662,28722
21133,0.118,0.639,31079
21135,0.084,0.578,33867
21137,0.056,0.555,37220
21139,0.067,0.531,44551
21141,0.042,0.597,43795
21143,0.056,0.61,48189
21145,0.057,0.687,47184
21147,0.073,0.595,25655
21149,0.045,0.601,44007
21151,0.038,0.705,46342
21153,0.163,0.622,29921
21155,0.043,0.552,41189
21157,0.055,0.59,49771
21159,0.09,0.605,29198
21161,0.06,0.617,37071
21163,0.047,0.602,51111
21165,0.071,0.609,34299
21167,0.044,0.612,46346
21169,0.038,0.591,32654
21171,0.036,0.582,31603
21173,0.06,0.609,42468
21175,0.068,0.638,31489
21177,0.067,0.579,40272
21179,0.043,0.58,51843
21181,0.049,0.593,37267
21183,0.063,0.572,40661
21185,0.031,0.77,84415
21187,0.038,0.53,43686
21189,0.087,0.654,23341
21191,0.043,0.521,49345
21193,0.104,0.678,31740
21195,0.103,0.636,34315
21197,0.069,0.593,34510
21199,0.05,0.588,40702
21201,0.061,0.639,40027
21203,0.053,0.568,33293
21205,0.053,0.69,36597
21207,0.076,0.634,31968
21209,0.036,0.693,63775
21211,0.033,0.682,60189
21213,0.042,0.574,45496
21215,0.035,0.644,68147
21217,0.048,0.594,35700
21219,0.039,0.581,40963
21221,0.05,0.699,45106
21223,0.054,0.528,48392
21225,0.064,0.598,45239
21227,0.035,0.691,45964
21229,0.04,0.584,45143
21231,0.068,0.63,29826
21233,0.055,0.577,44245
21235,0.064,0.629,31903
21237,0.095,0.615,27196
21239,0.03,0.711,57862
22001,0.079,0.608,42033
22003,0.075,0.56,42120
22005,0.053,0.654,74852
22007,0.09,0.605,48516
22009,0.078,0.587,34803
22011,0.067,0.573,48206
22013,0.08,0.573,34565
22015,0.059,0.706,55403
22017,0.074,0.671,41081
22019,0.055,0.642,46523
22021,0.084,0.572,38564
22023,0.048,0.615,56259
22025,0.096,0.578,33958
22027,0.075,0.593,33740
22029,0.092,0.587,33068
22031,0.08,0.588,41691
22033,0.057,0.733,50389
22035,0.118,0.615,26325
22037,0.062,0.565,43105
22039,0.085,0.654,33407
22041,0.096,0.597,33845
22043,0.078,0.577,43437
22045,0.097,0.579,45039
22047,0.074,0.617,42000
22049,0.063,0.581,41029
22051,0.059,0.689,49503
22053,0.067,0.589,43677
22055,0.067,0.713,52411
22057,0.067,0.609,53482
22059,0.067,0.564,46258
22061,0.075,0.723,38118
22063,0.053,0.598,58774
22065,0.094,0.604,27225
22067,0.104,0.565,31777
22069,0.081,0.663,33786
22071,0.067,0.768,38640
22073,0.067,0.671,38453
22075,0.059,0.607,49122
22077,0.072,0.583,42919
22079,0.069,0.63,42758
22081,0.068,0.557,41742
22083,0.077,0.59,34588
22085,0.073,0.58,42196
22087,0.069,0.591,41540
22089,0.06,0.633,61601
22091,0.085,0.543,36602
22093,0.081,0.552,52258
22095,0.075,0.625,50596
22097,0.089,0.555,33503
22099,0.083,0.579,45435
22101,0.101,0.566,40945
22103,0.057,0.73,63499
22105,0.075,0.644,41768
22107,0.105,0.544,27077
22109,0.073,0.6,44450
22111,0.069,0.551,38741
22113,0.079,0.59,46807
22115,0.081,0.642,44733
22117,0.079,0.595,33453
22119,0.094,0.595,34566
22121,0.061,0.608,55074
22123,0.12,0.56,35484
22125,0.055,0.663,56680
22127,0.085,0.58,36173
23001,0.032,0.628,48930
23003,0.048,0.61,37104
23005,0.026,0.759,63191
23007,0.04,0.631,42859
23009,0.032,0.669,48601
23011,0.032,0.644,50408
23013,0.027,0.652,47489
23015,0.029,0.679,50152
23017,0.042,0.544,42674
23019,0.04,0.651,44647
23021,0.048,0.595,36463
23023,0.026,0.684,55645
23025,0.049,0.587,40165
23027,0.036,0.66,43198
23029,0.046,0.617,35576
23031,0.029,0.684,61340
24001,0.064,0.58,39859
24003,0.04,0.75,90825
24005,0.047,0.728,68317
24009,0.041,0.685,98937
24011,0.048,0.593,51294
24013,0.038,0.694,84506
24015,0.053,0.622,68972
24017,0.047,0.678,87941
24019,0.062,0.617,44664
24021,0.039,0.748,83746
24023,0.052,0.578,46469
24025,0.043,0.719,77992
24027,0.034,0.858,110224
24029,0.047,0.668,52274
24031,0.034,0.86,98314
24033,0.046,0.739,76366
24035,0.038,0.701,83914
24037,0.045,0.694,83148
24039,0.065,0.568,38692
24041,0.04,0.721,62018
24043,0.052,0.619,55270
24045,0.055,0.681,52153
24047,0.058,0.684,53366
24510,0.069,0.702,43192
25001,0.034,0.751,65735
25003,0.039,0.683,50646
25005,0.047,0.698,59839
25007,0.027,0.769,64456
25009,0.039,0.738,68237
25011,0.033,0.729,57325
25013,0.053,0.692,51415
25015,0.036,0.758,60853
25017,0.032,0.789,90025
25019,0.018,0.746,86014
25021,0.034,0.79,93187
25023,0.04,0.71,74736
25025,0.037,0.764,56530
25027,0.041,0.711,65621
26001,0.058,0.601,37618
26003,0.061,0.568,43341
26005,0.033,0.617,55611
26007,0.05,0.666,40665
26009,0.05,0.663,49118
26011,0.063,0.572,37120
26013,0.068,0.559,42389
26015,0.035,0.634,57665
26017,0.047,0.644,46256
26019,0.046,0.658,48127
26021,0.044,0.694,46588
26023,0.044,0.592,47146
26025,0.044,0.643,43864
26027,0.042,0.638,49889
26029,0.037,0.682,48267
26031,0.04,0.606,41036
26033,0.06,0.622,42473
26035,0.06,0.607,33250
26037,0.034,0.721,65051
26039,0.062,0.646,40907
26041,0.055,0.647,43020
26043,0.045,0.601,47616
26045,0.036,0.703,56760
26047,0.041,0.738,49774
26049,0.05,0.672,44181
26051,0.058,0.598,40746
26053,0.055,0.616,38416
26055,0.034,0.731,54874
26057,0.045,0.589,42800
26059,0.049,0.598,46786
26061,0.052,0.662,41775
26063,0.043,0.557,45917
26065,0.04,0.784,47470
26067,0.036,0.619,51013
26069,0.058,0.6,39874
26071,0.047,0.55,36570
26073,0.042,0.682,41957
26075,0.046,0.652,50683
26077,0.037,0.769,52252
26079,0.054,0.576,42829
26081,0.032,0.745,54550
26083,0.064,0.674,40862
26085,0.06,0.585,32971
26087,0.064,0.629,57774
26089,0.035,0.776,61397
26091,0.044,0.633,49013
26093,0.046,0.744,76934
26095,0.044,0.55,41870
26097,0.031,0.635,40091
26099,0.059,0.694,54939
26101,0.049,0.627,41811
26103,0.049,0.669,48108
26105,0.042,0.656,43620
26107,0.049,0.656,41755
26109,0.051,0.578,42591
26111,0.041,0.704,59248
26113,0.048,0.572,42836
26115,0.043,0.638,56161
26117,0.045,0.61,41728
26119,0.076,0.581,37153
26121,0.048,0.652,46709
26123,0.042,0.589,45086
26125,0.047,0.799,70150
26127,0.05,0.653,43211
26129,0.063,0.591,37057
26131,0.066,0.594,37508
26133,0.049,0.553,41782
26135,0.056,0.594,36724
26137,0.049,0.634,50420
26139,0.03,0.711,61429
26141,0.066,0.594,41658
26143,0.068,0.611,38516
26145,0.046,0.658,43344
26147,0.065,0.647,51183
26149,0.037,0.611,46667
26151,0.052,0.549,41861
26153,0.07,0.532,36741
26155,0.046,0.634,50807
26157,0.053,0.58,45800
26159,0.046,0.66,47806
26161,0.035,0.843,62401
26163,0.073,0.697,41585
26165,0.051,0.612,42922
27001,0.051,0.601,43817
27003,0.038,0.716,73276
27005,0.038,0.665,54304
27007,0.048,0.739,46031
27009,0.037,0.679,52513
27011,0.04,0.576,47583
27013,0.033,0.719,49664
27015,0.039,0.624,56330
27017,0.049,0.636,54945
27019,0.034,0.788,93857
27021,0.056,0.646,47645
27023,0.04,0.64,50896
27025,0.039,0.654,70036
27027,0.032,0.727,60417
27029,0.076,0.619,42689
27031,0.031,0.749,50350
27033,0.079,0.638,49448
27035,0.043,0.686,50755
27037,0.035,0.784,77576
27039,0.036,0.665,65494
27041,0.03,0.701,56819
27043,0.039,0.601,52169
27045,0.037,0.643,52170
27047,0.037,0.633,47418
27049,0.037,0.67,60285
27051,0.041,0.666,50570
27053,0.035,0.822,68902
27055,0.034,0.657,56276
27057,0.055,0.682,52841
27059,0.042,0.622,63134
27061,0.077,0.682,52064
27063,0.04,0.652,54001
27065,0.051,0.603,48907
27067,0.035,0.721,52597
27069,0.042,0.65,55545
27071,0.077,0.635,46807
27073,0.039,0.617,50764
27075,0.043,0.638,53093
27077,0.045,0.552,46128
27079,0.037,0.645,62672
27081,0.032,0.595,52164
27083,0.034,0.649,55051
27085,0.041,0.62,60549
27087,0.052,0.629,40849
27089,0.056,0.626,55889
27091,0.039,0.614,48478
27093,0.04,0.617,58607
27095,0.048,0.617,50633
27097,0.045,0.614,54245
27099,0.03,0.674,50878
27101,0.033,0.635,50378
27103,0.029,0.73,58839
27105,0.036,0.657,50100
27107,0.046,0.615,50775
27109,0.03,0.791,70063
27111,0.036,0.695,55357
27113,0.043,0.64,51341
27115,0.048,0.574,46332
27117,0.03,0.64,51939
27119,0.044,0.689,54270
27121,0.028,0.659,53267
27123,0.038,0.781,57299
27125,0.063,0.591,52244
27127,0.04,0.621,48520
27129,0.052,0.625,56835
27131,0.036,0.682,59863
27133,0.022,0.615,55462
27135,0.043,0.627,54416
27137,0.057,0.705,50141
27139,0.032,0.766,92898
27141,0.036,0.734,79495
27143,0.037,0.592,57052
27145,0.035,0.698,55244
27147,0.038,0.645,60970
27149,0.027,0.728,54323
27151,0.048,0.614,47130
27153,0.039,0.629,48840
27155,0.03,0.652,46764
27157,0.032,0.609,57873
27159,0.051,0.607,45597
27161,0.04,0.648,54495
27163,0.034,0.78,88329
27165,0.051,0.6,48044
27167,0.034,0.695,56583
27169,0.037,0.704,54367
27171,0.035,0.711,76407
27173,0.037,0.632,51569
28001,0.082,0.641,32673
28003,0.05,0.637,41383
28005,0.071,0.634,37085
28007,0.065,0.686,32988
28009,0.065,0.619,32467
28011,0.074,0.75,30311
28013,0.052,0.658,33906
28015,0.073,0.627,39439
28017,0.063,0.627,31937
28019,0.053,0.666,35370
28021,0.123,0.702,26959
28023,0.064,0.656,38362
28025,0.078,0.671,32360
28027,0.081,0.724,25948
28029,0.064,0.685,34723
28031,0.056,0.632,36206
28033,0.041,0.701,60610
28035,0.058,0.718,35198
28037,0.068,0.627,36391
28039,0.077,0.593,48212
28041,0.08,0.633,42699
28043,0.049,0.698,35163
28045,0.059,0.708,45911
28047,0.053,0.712,42370
28049,0.052,0.751,39158
28051,0.109,0.631,24065
28053,0.112,0.722,25625
28055,0.099,0.651,28859
28057,0.048,0.682,39296
28059,0.064,0.686,46339
28061,0.078,0.636,35092
28063,0.154,0.636,26405
28065,0.093,0.609,28845
28067,0.059,0.718,36413
28069,0.082,0.689,30381
28071,0.049,0.791,43435
28073,0.045,0.761,53205
28075,0.058,0.691,38334
28077,0.074,0.646,39460
28079,0.056,0.649,35804
28081,0.048,0.725,43098
28083,0.09,0.662,26520
28085,0.058,0.643,40627
28087,0.059,0.71,41880
28089,0.042,0.84,67482
28091,0.068,0.635,34742
28093,0.057,0.623,38006
28095,0.063,0.662,38893
28097,0.063,0.679,34264
28099,0.054,0.673,38068
28101,0.059,0.699,36991
28103,0.08,0.695,28041
28105,0.056,0.807,38011
28107,0.067,0.633,35517
28109,0.059,0.686,43420
28111,0.07,0.587,37777
28113,0.067,0.655,31976
28115,0.045,0.653,39977
28117,0.053,0.661,38550
28119,0.083,0.709,26467
28121,0.038,0.731,58426
28123,0.045,0.656,34469
28125,0.08,0.694,27589
28127,0.055,0.611,37742
28129,0.051,0.578,40637
28131,0.068,0.656,42295
28133,0.084,0.717,28184
28135,0.057,0.679,29474
28137,0.054,0.704,43376
28139,0.052,0.68,38297
28141,0.051,0.617,37740
28143,0.061,0.694,30970
28145,0.042,0.667,42120
28147,0.079,0.59,31202
28149,0.064,0.699,40465
28151,0.092,0.699,27539
28153,0.076,0.636,35989
28155,0.061,0.655,40214
28157,0.101,0.639,28535
28159,0.074,0.685,35216
28161,0.06,0.615,36062
28163,0.07,0.638,34218
29001,0.067,0.661,40222
29003,0.045,0.595,58675
29005,0.059,0.579,46339
29007,0.051,0.531,42480
29009,0.053,0.587,37467
29011,0.06,0.605,39633
29013,0.06,0.567,45887
29015,0.073,0.552,34156
29017,0.062,0.546,41623
29019,0.041,0.798,50865
29021,0.049,0.632,48294
29023,0.069,0.633,35509
29025,0.056,0.56,44470
29027,0.052,0.617,50514
29029,0.055,0.64,49393
29031,0.053,0.68,49615
29033,0.059,0.504,43638
29035,0.078,0.687,32269
29037,0.05,0.652,62996
29039,0.064,0.576,37654
29041,0.051,0.508,46230
29043,0.045,0.684,54044
29045,0.087,0.567,43225
29047,0.045,0.711,65106
29049,0.05,0.613,59655
29051,0.046,0.689,56393
29053,0.057,0.586,46632
29055,0.059,0.616,38491
29057,0.056,0.587,38516
29059,0.065,0.581,37780
29061,0.046,0.595,43135
29063,0.051,0.511,44429
29065,0.066,0.608,36808
29067,0.073,0.576,32979
29069,0.091,0.614,31920
29071,0.049,0.657,50438
29073,0.05,0.568,47717
29075,0.047,0.565,43811
29077,0.046,0.721,43885
29079,0.056,0.607,38763
29081,0.047,0.514,38005
29083,0.059,0.587,42455
29085,0.066,0.573,31320
29087,0.04,0.556,42845
29089,0.054,0.638,44634
29091,0.072,0.61,36604
29093,0.084,0.596,33415
29095,0.06,0.709,48364
29097,0.052,0.644,43724
29099,0.049,0.664,58747
29101,0.061,0.693,44109
29103,0.041,0.581,40356
29105,0.062,0.611,40741
29107,0.049,0.576,50325
29109,0.054,0.613,41619
29111,0.049,0.523,45592
29113,0.048,0.566,54584
29115,0.09,0.505,39618
29117,0.045,0.574,40808
29119,0.049,0.658,37939
29121,0.06,0.562,41080
29123,0.069,0.636,35745
29125,0.068,0.572,43970
29127,0.05,0.615,41297
29129,0.05,0.499,43244
29131,0.054,0.575,40077
29133,0.077,0.593,33283
29135,0.049,0.566,50525
29137,0.055,0.513,44048
29139,0.051,0.577,41470
29141,0.064,0.587,39219
29143,0.099,0.587,36386
29145,0.055,0.669,46125
29147,0.06,0.588,44119
29149,0.07,0.604,33573
29151,0.042,0.534,55962
29153,0.088,0.558,31838
29155,0.099,0.622,29621
29157,0.043,0.556,47226
29159,0.061,0.678,42137
29161,0.056,0.668,40676
29163,0.054,0.562,43007
29165,0.044,0.776,72548
29167,0.064,0.612,41326
29169,0.068,0.687,46756
29171,0.051,0.583,37286
29173,0.044,0.515,51015
29175,0.066,0.611,39976
29177,0.055,0.527,54361
29179,0.081,0.56,34076
29181,0.084,0.609,34069
29183,0.041,0.739,74009
29185,0.073,0.543,35128
29186,0.058,0.58,52806
29187,0.067,0.658,41222
29189,0.051,0.78,61569
29195,0.058,0.606,41958
29197,0.076,0.541,37851
29199,0.046,0.593,41324
29201,0.069,0.58,40285
29203,0.08,0.621,28171
29205,0.048,0.536,41696
29207,0.071,0.601,38773
29209,0.06,0.599,42186
29211,0.074,0.527,41405
29213,0.061,0.645,39320
29215,0.076,0.562,34935
29217,0.058,0.59,40186
29219,0.046,0.63,51933
29221,0.072,0.58,37986
29223,0.061,0.634,32566
29225,0.059,0.595,43418
29227,0.036,0.577,43443
29229,0.073,0.592,32634
29510,0.066,0.764,37948
30001,0.029,0.699,41083
30003,0.077,0.651,41008
30005,0.044,0.719,34667
30007,0.043,0.609,51360
30009,0.035,0.716,49389
30011,0.024,0.614,46398
30013,0.038,0.682,45597
30015,0.036,0.655,40280
30017,0.037,0.707,47510
30019,0.023,0.688,43918
30021,0.04,0.644,56648
30023,0.042,0.613,37979
30025,0.031,0.624,59928
30027,0.033,0.644,43823
30029,0.048,0.701,48063
30031,0.023,0.8,57358
30033,0.024,0.556,45987
30035,0.09,0.622,31666
30037,0.032,0.572,37883
30039,0.055,0.64,43470
30041,0.049,0.717,44178
30043,0.045,0.714,62508
30045,0.027,0.623,45472
30047,0.048,0.686,39383
30049,0.033,0.763,56755
30051,0.031,0.779,40052
30053,0.079,0.664,37281
30055,0.021,0.541,44387
30057,0.031,0.641,49872
30059,0.042,0.603,41391
30061,0.071,0.582,39584
30063,0.035,0.773,44998
30065,0.043,0.598,41791
30067,0.033,0.669,45642
30069,0.031,0.475,42919
30071,0.046,0.627,38105
30073,0.047,0.67,41168
30075,0.025,0.706,50491
30077,0.045,0.63,42755
30079,0.03,0.536,42187
30081,0.045,0.661,48468
30083,0.049,0.615,68196
30085,0.062,0.612,39147
30087,0.068,0.673,51732
30089,0.07,0.581,36564
30091,0.032,0.696,50857
30093,0.043,0.651,42658
30095,0.039,0.628,60052
30097,0.029,0.619,48361
30099,0.035,0.657,47598
30101,0.033,0.634,43879
30103,0.041,0.649,49679
30105,0.03,0.622,46698
30107,0.049,0.636,35665
30109,0.046,0.626,49533
30111,0.037,0.688,57326
31001,0.033,0.68,48579
31003,0.025,0.669,48546
31005,0.054,0.759,50753
31007,0.042,0.707,54115
31009,0.041,0.604,44824
31011,0.028,0.577,54070
31013,0.036,0.662,54652
31015,0.028,0.585,42539
31017,0.035,0.588,46856
31019,0.028,0.744,55813
31021,0.036,0.608,49792
31023,0.032,0.601,55542
31025,0.035,0.679,66519
31027,0.028,0.594,56092
31029,0.025,0.668,55319
31031,0.025,0.69,54564
31033,0.033,0.729,57255
31035,0.03,0.674,51431
31037,0.032,0.668,50744
31039,0.032,0.611,56995
31041,0.026,0.672,51014
31043,0.045,0.651,49093
31045,0.034,0.709,44135
31047,0.03,0.666,47991
31049,0.034,0.637,47641
31051,0.034,0.614,52152
31053,0.033,0.632,48969
31055,0.035,0.781,58405
31057,0.025,0.675,45745
31059,0.028,0.609,54086
31061,0.033,0.629,44911
31063,0.028,0.653,50700
31065,0.033,0.663,40032
31067,0.035,0.654,50746
31069,0.032,0.675,42186
31071,0.027,0.605,44643
31073,0.027,0.652,56882
31075,0.026,0.577,56646
31077,0.037,0.602,44920
31079,0.034,0.675,50093
31081,0.029,0.682,65103
31083,0.029,0.624,47844
31085,0.028,0.733,50516
31087,0.041,0.626,43054
31089,0.031,0.66,50434
31091,0.027,0.659,42989
31093,0.029,0.584,52464
31095,0.027,0.574,46812
31097,0.031,0.593,47382
31099,0.024,0.675,50645
31101,0.03,0.655,46888
31103,0.023,0.577,45886
31105,0.043,0.66,45769
31107,0.028,0.628,45566
31109,0.03,0.774,54422
31111,0.032,0.686,53856
31113,0.03,0.713,51098
31115,0.037,0.585,52862
31117,0.025,0.716,57175
31119,0.03,0.707,51330
31121,0.037,0.655,51219
31123,0.035,0.677,49082
31125,0.029,0.619,46958
31127,0.043,0.651,52034
31129,0.03,0.579,41956
31131,0.036,0.623,53015
31133,0.024,0.547,43646
31135,0.025,0.689,58066
31137,0.028,0.67,55566
31139,0.025,0.64,56744
31141,0.035,0.69,58554
31143,0.027,0.675,61965
31145,0.032,0.636,49308
31147,0.033,0.603,44648
31149,0.026,0.583,51447
31151,0.031,0.653,55850
31153,0.031,0.775,73856
31155,0.032,0.67,61025
31157,0.038,0.7,43428
31159,0.031,0.705,62455
31161,0.034,0.689,47005
31163,0.033,0.577,42643
31165,0.026,0.666,55606
31167,0.027,0.65,56423
31169,0.028,0.63,48947
31171,0.032,0.679,48754
31173,0.046,0.645,42290
31175,0.029,0.574,49929
31177,0.032,0.689,68435
31179,0.034,0.795,54503
31181,0.037,0.639,40444
31183,0.027,0.579,55106
31185,0.029,0.674,59500
32001,0.058,0.65,54134
32003,0.06,0.712,51624
32005,0.053,0.753,63620
32007,0.044,0.732,76518
32009,0.047,0.568,49057
32011,0.051,0.642,65459
32013,0.055,0.626,68060
32015,0.059,0.625,76713
32017,0.053,0.679,51788
32019,0.073,0.698,51934
32021,0.086,0.688,42164
32023,0.075,0.644,43819
32027,0.06,0.646,54416
32029,0.058,0.705,61594
32031,0.049,0.76,56457
32033,0.046,0.655,54975
32510,0.06,0.714,47015
33001,0.026,0.685,63377
33003,0.028,0.686,54351
33005,0.029,0.662,60339
33007,0.035,0.609,40286
33009,0.024,0.714,57827
33011,0.032,0.728,73474
33013,0.026,0.716,68148
33015,0.031,0.731,87103
33017,0.027,0.72,60931
33019,0.025,0.63,53804
34001,0.071,0.671,53296
34003,0.047,0.757,88512
34005,0.05,0.705,74844
34007,0.06,0.687,63589
34009,0.057,0.659,55632
34011,0.079,0.606,50259
34013,0.066,0.713,52206
34015,0.056,0.657,76780
34017,0.052,0.739,60053
34019,0.041,0.773,102797
34021,0.049,0.744,72172
34023,0.049,0.737,78249
34025,0.048,0.744,86722
34027,0.042,0.775,101754
34029,0.054,0.639,63478
34031,0.068,0.652,55723
34033,0.068,0.614,63988
34035,0.044,0.781,99059
34037,0.05,0.69,84431
34039,0.056,0.703,70581
34041,0.051,0.66,71672
35001,0.062,0.762,47870
35003,0.069,0.637,36570
35005,0.069,0.73,39265
35006,0.091,0.635,35580
35007,0.056,0.661,37269
35009,0.054,0.748,41879
35011,0.05,0.571,33427
35013,0.071,0.78,39421
35015,0.072,0.66,60407
35017,0.066,0.731,39792
35019,0.064,0.598,31710
35021,0.073,0.609,39561
35023,0.054,0.69,34336
35025,0.098,0.695,54686
35027,0.06,0.734,40297
35028,0.045,0.892,107126
35029,0.1,0.684,27151
35031,0.098,0.669,29040
35033,0.08,0.644,31816
35035,0.064,0.705,38381
35037,0.07,0.612,29047
35039,0.073,0.682,37319
35041,0.061,0.747,38053
35043,0.071,0.741,62833
35045,0.094,0.679,49173
35047,0.081,0.716,32303
35049,0.055,0.786,55247
35051,0.078,0.663,29432
35053,0.08,0.666,33673
35055,0.083,0.746,37092
35057,0.093,0.658,35950
35059,0.045,0.647,36715
35061,0.076,0.681,42395
36001,0.04,0.735,57312
36003,0.049,0.613,44331
36005,0.078,0.727,35102
36007,0.05,0.678,46067
36009,0.052,0.591,40933
36011,0.044,0.659,51925
36013,0.051,0.645,43973
36015,0.052,0.644,51285
36017,0.044,0.608,49082
36019,0.051,0.647,46747
36021,0.033,0.693,58335
36023,0.046,0.653,49894
36025,0.049,0.613,42907
36027,0.04,0.73,71348
36029,0.046,0.716,52176
36031,0.041,0.655,52282
36033,0.048,0.638,45682
36035,0.052,0.615,46543
36037,0.038,0.628,53771
36039,0.045,0.637,48144
36041,0.029,0.677,47997
36043,0.044,0.655,49504
36045,0.051,0.665,50179
36047,0.059,0.738,51026
36049,0.054,0.547,50846
36051,0.042,0.663,53945
36053,0.046,0.663,58094
36055,0.046,0.75,54204
36057,0.052,0.634,44414
36059,0.038,0.758,101568
36061,0.049,0.874,75136
36063,0.052,0.649,48517
36065,0.043,0.666,47390
36067,0.042,0.738,57114
36069,0.037,0.717,58085
36071,0.042,0.707,71162
36073,0.052,0.602,48126
36075,0.057,0.601,49391
36077,0.043,0.655,47942
36079,0.039,0.727,90497
36081,0.05,0.727,60241
36083,0.041,0.71,60117
36085,0.059,0.68,71058
36087,0.041,0.77,84249
36089,0.058,0.639,42811
36091,0.035,0.741,75029
36093,0.042,0.7,59432
36095,0.047,0.615,50588
36097,0.046,0.611,49664
36099,0.038,0.654,49813
36101,0.05,0.624,47352
36103,0.043,0.707,87634
36105,0.041,0.66,49161
36107,0.045,0.641,57541
36109,0.037,0.802,55839
36111,0.043,0.698,58328
36113,0.041,0.667,54492
36115,0.038,0.584,51188
36117,0.045,0.63,51273
36119,0.042,0.797,85688
36121,0.041,0.592,52796
36123,0.037,0.655,46392
37001,0.048,0.715,41566
37003,0.045,0.606,41092
37005,0.051,0.663,36113
37007,0.059,0.584,35307
37009,0.045,0.685,35238
37011,0.048,0.695,37120
37013,0.056,0.668,41725
37015,0.064,0.597,31967
37017,0.067,0.668,33882
37019,0.057,0.727,48831
37021,0.039,0.753,45094
37023,0.051,0.702,42711
37025,0.046,0.72,57881
37027,0.053,0.684,39636
37029,0.053,0.768,62000
37031,0.047,0.723,50837
37033,0.055,0.647,40504
37035,0.049,0.697,41745
37037,0.043,0.767,58860
37039,0.054,0.668,38284
37041,0.065,0.663,40794
37043,0.051,0.707,38980
37045,0.056,0.654,40237
37047,0.061,0.683,34478
37049,0.051,0.721,47805
37051,0.063,0.74,42380
37053,0.046,0.707,66426
37055,0.042,0.756,53585
37057,0.049,0.668,46400
37059,0.046,0.683,52525
37061,0.054,0.699,38397
37063,0.045,0.826,53875
37065,0.085,0.643,32529
37067,0.049,0.744,47346
37069,0.051,0.687,48009
37071,0.053,0.699,45031
37073,0.052,0.625,46387
37075,0.071,0.651,33827
37077,0.044,0.689,50314
37079,0.05,0.685,35060
37081,0.053,0.754,48283
37083,0.078,0.642,31952
37085,0.058,0.692,48301
37087,0.044,0.714,43573
37089,0.043,0.736,47280
37091,0.065,0.671,34453
37093,0.065,0.725,42819
37095,0.064,0.648,37074
37097,0.047,0.719,55848
37099,0.051,0.724,41537
37101,0.045,0.696,52681
37103,0.051,0.688,39688
37105,0.057,0.736,44294
37107,0.054,0.682,37085
37109,0.046,0.696,49343
37111,0.046,0.631,37430
37113,0.051,0.702,41395
37115,0.049,0.69,37899
37117,0.068,0.624,36543
37119,0.047,0.809,57029
37121,0.06,0.665,39955
37123,0.052,0.7,39096
37125,0.05,0.742,52139
37127,0.068,0.661,43450
37129,0.047,0.779,52456
37131,0.073,0.641,33301
37133,0.054,0.711,46144
37135,0.045,0.844,61570
37137,0.051,0.678,41004
37139,0.062,0.701,42171
37141,0.052,0.688,49390
37143,0.063,0.65,42337
37145,0.054,0.645,43917
37147,0.057,0.748,41909
37149,0.049,0.728,45672
37151,0.048,0.649,43216
37153,0.069,0.635,33017
37155,0.073,0.665,32128
37157,0.055,0.635,40148
37159,0.055,0.672,44862
37161,0.066,0.682,36998
37163,0.056,0.668,40660
37165,0.089,0.66,35447
37167,0.047,0.657,44878
37169,0.049,0.619,42889
37171,0.048,0.689,38408
37173,0.049,0.688,36103
37175,0.048,0.716,45792
37177,0.062,0.629,33759
37179,0.044,0.748,71690
37181,0.073,0.624,32698
37183,0.042,0.832,70629
37185,0.07,0.652,34149
37187,0.069,0.62,35146
37189,0.047,0.796,41762
37191,0.056,0.703,41161
37193,0.047,0.678,40647
37195,0.081,0.67,41276
37197,0.044,0.657,41208
37199,0.051,0.668,36418
38001,0.023,0.649,48106
38003,0.032,0.687,51053
38005,0.031,0.675,39969
38007,0.025,0.66,76913
38009,0.032,0.687,56645
38011,0.018,0.7,62892
38013,0.038,0.692,68477
38015,0.023,0.755,66057
38017,0.02,0.794,55946
38019,0.019,0.724,57200
38021,0.018,0.713,56325
38023,0.02,0.657,62922
38025,0.022,0.657,73135
38027,0.028,0.713,47804
38029,0.031,0.631,46952
38031,0.025,0.686,53408
38033,0.024,0.76,56948
38035,0.023,0.753,52022
38037,0.021,0.618,40879
38039,0.023,0.624,47222
38041,0.029,0.629,53403
38043,0.026,0.674,46800
38045,0.02,0.683,58638
38047,0.029,0.607,50047
38049,0.041,0.63,56351
38051,0.024,0.685,48494
38053,0.031,0.716,82906
38055,0.031,0.662,62480
38057,0.045,0.703,75698
38059,0.029,0.698,64260
38061,0.029,0.703,65606
38063,0.029,0.692,48196
38065,0.053,0.697,65798
38067,0.045,0.614,58683
38069,0.03,0.668,43419
38071,0.025,0.698,51607
38073,0.019,0.636,60122
38075,0.035,0.699,65651
38077,0.027,0.715,56942
38079,0.142,0.782,37634
38081,0.016,0.672,58626
38083,0.037,0.632,38234
38085,0.053,0.682,32895
38087,0.023,0.676,56833
38089,0.033,0.695,76844
38091,0.017,0.691,61352
38093,0.021,0.645,54925
38095,0.02,0.668,51561
38097,0.027,0.748,54814
38099,0.036,0.64,51749
38101,0.035,0.707,61170
38103,0.027,0.662,51857
38105,0.037,0.715,89860
39001,0.068,0.564,36609
39003,0.046,0.603,49297
39005,0.043,0.572,48338
39007,0.053,0.551,44258
39009,0.06,0.677,38400
39011,0.035,0.561,58840
39013,0.063,0.565,45675
39015,0.05,0.519,47202
39017,0.042,0.66,58954
39019,0.06,0.525,52166
39021,0.041,0.549,58837
39023,0.047,0.636,47651
39025,0.041,0.66,62214
39027,0.054,0.594,47055
39029,0.06,0.535,42301
39031,0.062,0.497,41643
39033,0.055,0.551,41471
39035,0.055,0.717,45506
39037,0.037,0.501,51131
39039,0.043,0.558,53936
39041,0.034,0.794,97679
39043,0.046,0.605,48129
39045,0.039,0.656,61450
39047,0.039,0.533,45068
39049,0.039,0.749,53939
39051,0.04,0.592,58782
39053,0.064,0.595,38738
39055,0.044,0.727,76315
39057,0.042,0.744,61250
39059,0.058,0.569,41630
39061,0.042,0.729,51070
39063,0.035,0.639,55265
39065,0.049,0.508,44101
39067,0.064,0.513,44221
39069,0.042,0.561,56986
39071,0.055,0.569,41494
39073,0.045,0.563,43598
39075,0.033,0.649,53540
39077,0.05,0.519,48838
39079,0.07,0.582,42828
39081,0.074,0.575,43306
39083,0.041,0.588,50914
39085,0.048,0.661,60782
39087,0.061,0.569,39698
39089,0.041,0.628,59119
39091,0.039,0.506,49690
39093,0.059,0.666,52779
39095,0.049,0.688,43136
39097,0.035,0.593,63736
39099,0.058,0.619,42443
39101,0.047,0.574,43529
39103,0.043,0.676,70576
39105,0.076,0.565,38479
39107,0.03,0.509,56124
39109,0.04,0.631,51685
39111,0.091,0.488,41754
39113,0.046,0.712,46696
39115,0.068,0.525,39969
39117,0.044,0.538,52312
39119,0.053,0.571,43324
39121,0.073,0.479,47714
39123,0.046,0.614,58793
39125,0.042,0.499,49796
39127,0.055,0.561,44738
39129,0.042,0.571,58472
39131,0.068,0.58,39851
39133,0.045,0.622,53609
39135,0.043,0.54,51042
39137,0.032,0.572,60036
39139,0.049,0.588,45273
39141,0.048,0.572,45615
39143,0.041,0.57,49994
39145,0.07,0.595,37277
39147,0.044,0.54,48617
39149,0.037,0.559,59149
39151,0.049,0.617,48976
39153,0.047,0.677,51434
39155,0.06,0.548,42831
39157,0.05,0.531,47588
39159,0.035,0.632,76116
39161,0.037,0.513,51264
39163,0.059,0.541,41675
39165,0.039,0.732,81383
39167,0.064,0.585,44697
39169,0.036,0.59,52717
39171,0.041,0.546,49031
39173,0.04,0.687,57390
39175,0.034,0.518,51109
40001,0.058,0.574,31572
40003,0.036,0.594,52551
40005,0.071,0.592,34850
40007,0.032,0.623,59544
40009,0.077,0.596,51394
40011,0.037,0.606,43540
40013,0.043,0.666,40875
40015,0.056,0.588,43548
40017,0.043,0.707,63291
40019,0.054,0.604,45287
40021,0.056,0.689,40600
40023,0.083,0.599,30572
40025,0.027,0.637,44023
40027,0.04,0.734,59417
40029,0.075,0.572,38954
40031,0.048,0.668,46821
40033,0.052,0.593,42901
40035,0.049,0.597,41119
40037,0.063,0.6,47395
40039,0.049,0.649,47745
40041,0.052,0.628,38840
40043,0.041,0.577,53004
40045,0.037,0.626,57524
40047,0.045,0.644,49070
40049,0.057,0.565,46139
40051,0.052,0.623,53208
40053,0.031,0.64,50729
40055,0.079,0.63,36495
40057,0.036,0.734,33144
40059,0.043,0.614,52635
40061,0.088,0.613,36888
40063,0.075,0.62,37676
40065,0.049,0.728,44723
40067,0.08,0.552,36227
40069,0.065,0.645,38980
40071,0.067,0.66,43373
40073,0.036,0.639,59462
40075,0.056,0.653,37721
40077,0.097,0.656,38313
40079,0.074,0.602,38261
40081,0.055,0.605,46976
40083,0.043,0.656,57892
40085,0.033,0.575,45223
40087,0.043,0.653,56700
40089,0.077,0.584,31723
40091,0.095,0.62,35775
40093,0.043,0.588,55020
40095,0.051,0.649,41312
40097,0.055,0.625,46373
40099,0.043,0.608,45560
40101,0.06,0.642,40340
40103,0.04,0.646,51977
40105,0.065,0.579,43341
40107,0.061,0.627,37289
40109,0.045,0.747,49750
40111,0.074,0.63,39825
40113,0.061,0.581,46093
40115,0.053,0.636,36166
40117,0.071,0.577,45184
40119,0.039,0.726,41747
40121,0.065,0.636,43257
40123,0.042,0.665,44798
40125,0.05,0.645,43587
40127,0.077,0.608,34910
40129,0.054,0.603,57063
40131,0.056,0.669,63263
40133,0.073,0.638,39102
40135,0.065,0.605,36718
40137,0.104,0.611,47949
40139,0.035,0.716,51092
40141,0.045,0.642,38247
40143,0.052,0.742,51366
40145,0.052,0.647,57948
40147,0.05,0.662,52056
40149,0.072,0.6,49606
40151,0.033,0.665,52920
40153,0.064,0.603,60290
41001,0.067,0.682,40855
41003,0.05,0.851,54773
41005,0.052,0.765,69523
41007,0.051,0.737,47340
41009,0.071,0.662,52060
41011,0.073,0.674,38934
41013,0.069,0.622,45046
41015,0.07,0.723,38126
41017,0.051,0.771,56911
41019,0.073,0.679,41696
41021,0.071,0.607,50694
41023,0.061,0.677,43105
41025,0.059,0.661,40468
41027,0.04,0.744,53726
41029,0.068,0.726,44855
41031,0.066,0.705,42325
41033,0.074,0.679,40569
41035,0.072,0.701,42384
41037,0.057,0.666,39878
41039,0.062,0.75,47254
41041,0.059,0.719,41118
41043,0.067,0.69,47757
41045,0.061,0.701,37604
41047,0.059,0.728,51623
41049,0.058,0.646,53774
41051,0.05,0.816,58764
41053,0.06,0.732,55342
41055,0.043,0.633,51448
41057,0.052,0.654,44972
41059,0.059,0.709,49016
41061,0.063,0.666,46378
41063,0.05,0.669,44045
41065,0.059,0.715,45110
41067,0.05,0.81,70417
41069,0.049,0.639,34157
41071,0.054,0.702,52806
42001,0.045,0.58,60558
42003,0.059,0.702,54412
42005,0.08,0.506,44893
42007,0.068,0.608,50131
42009,0.058,0.492,45988
42011,0.056,0.616,56167
42013,0.057,0.518,44880
42015,0.065,0.52,49367
42017,0.052,0.693,80512
42019,0.057,0.651,67892
42021,0.077,0.537,43786
42023,0.082,0.513,42452
42025,0.067,0.538,52121
42027,0.048,0.684,55084
42029,0.046,0.768,90555
42031,0.072,0.53,39988
42033,0.075,0.491,44336
42035,0.073,0.544,45897
42037,0.062,0.543,44763
42039,0.067,0.55,45989
42041,0.047,0.65,63926
42043,0.053,0.652,54198
42045,0.056,0.682,67184
42047,0.067,0.496,47826
42049,0.071,0.6,47118
42051,0.085,0.501,40293
42053,0.085,0.464,37388
42055,0.057,0.561,56975
42057,0.063,0.489,49378
42059,0.081,0.527,50714
42061,0.071,0.483,44875
42063,0.083,0.561,45448
42065,0.073,0.488,45499
42067,0.058,0.49,50008
42069,0.064,0.623,48000
42071,0.048,0.618,59231
42073,0.07,0.55,43944
42075,0.051,0.561,52829
42077,0.063,0.669,56352
42079,0.069,0.605,49589
42081,0.07,0.589,49941
42083,0.072,0.518,46039
42085,0.068,0.556,46319
42087,0.06,0.498,42296
42089,0.069,0.634,57152
42091,0.047,0.752,83258
42093,0.049,0.602,57056
42095,0.059,0.647,62129
42097,0.066,0.497,44221
42099,0.051,0.54,54818
42101,0.077,0.662,41210
42103,0.068,0.642,60436
42105,0.078,0.518,41754
42107,0.067,0.523,45733
42109,0.051,0.54,49803
42111,0.075,0.507,43608
42113,0.07,0.509,43844
42115,0.054,0.533,50141
42117,0.074,0.554,48186
42119,0.054,0.588,57862
42121,0.08,0.503,44916
42123,0.059,0.528,45362
42125,0.066,0.607,57622
42127,0.056,0.557,49927
42129,0.066,0.611,53422
42131,0.062,0.518,51797
42133,0.052,0.59,58527
44001,0.05,0.776,75324
44003,0.053,0.714,65332
44005,0.048,0.769,66096
44007,0.063,0.712,50364
44009,0.05,0.767,71951
45001,0.061,0.625,35932
45003,0.056,0.69,48012
45005,0.091,0.606,27089
45007,0.052,0.685,44745
45009,0.114,0.748,29642
45011,0.08,0.625,33280
45013,0.051,0.766,60071
45015,0.05,0.689,55876
45017,0.074,0.628,41277
45019,0.045,0.784,56244
45021,0.066,0.631,37098
45023,0.084,0.635,35006
45025,0.057,0.604,36520
45027,0.071,0.636,34654
45029,0.058,0.621,33745
45031,0.068,0.635,36719
45033,0.071,0.611,31094
45035,0.049,0.708,55595
45037,0.061,0.637,46430
45039,0.077,0.602,36622
45041,0.058,0.663,41197
45043,0.066,0.687,44395
45045,0.047,0.737,52017
45047,0.058,0.703,42240
45049,0.062,0.582,30772
45051,0.054,0.676,47083
45053,0.047,0.631,37231
45055,0.058,0.652,48233
45057,0.06,0.66,47279
45059,0.056,0.646,39731
45061,0.082,0.602,31525
45063,0.045,0.72,55413
45065,0.058,0.698,41589
45067,0.086,0.609,30528
45069,0.091,0.59,32485
45071,0.048,0.651,41120
45073,0.055,0.682,44819
45075,0.113,0.652,37651
45077,0.056,0.68,44091
45079,0.054,0.775,51065
45081,0.048,0.608,41409
45083,0.053,0.702,45768
45085,0.065,0.708,41058
45087,0.065,0.622,35467
45089,0.079,0.597,28943
45091,0.052,0.722,57302
46003,0.019,0.629,50392
46005,0.023,0.667,47592
46007,0.04,0.712,40529
46009,0.024,0.625,48900
46011,0.025,0.739,55749
46013,0.024,0.667,52065
46015,0.025,0.696,50604
46017,0.098,0.566,22894
46019,0.029,0.649,43572
46021,0.025,0.58,49569
46023,0.03,0.621,41005
46025,0.029,0.627,60544
46027,0.027,0.722,43902
46029,0.026,0.603,53073
46031,0.055,0.656,31621
46033,0.031,0.691,54309
46035,0.019,0.731,47591
46037,0.036,0.612,45131
46039,0.032,0.592,54087
46041,0.141,0.646,38337
46043,0.022,0.589,51915
46045,0.021,0.661,56304
46047,0.038,0.69,44065
46049,0.025,0.657,47802
46051,0.025,0.557,51251
46053,0.026,0.614,36150
46055,0.021,0.624,50221
46057,0.024,0.567,57278
46059,0.019,0.664,52718
46061,0.032,0.656,59508
46063,0.021,0.699,57053
46065,0.02,0.728,60582
46067,0.02,0.671,49558
46069,0.028,0.524,49820
46071,0.028,0.678,36308
46073,0.024,0.591,49054
46075,0.024,0.612,47362
46077,0.021,0.626,54543
46079,0.03,0.68,55300
46081,0.029,0.663,51553
46083,0.018,0.782,77540
46085,0.05,0.635,39527
46087,0.021,0.668,56382
46089,0.036,0.698,43859
46091,0.028,0.682,50216
46093,0.027,0.677,55515
46095,0.038,0.613,34241
46097,0.024,0.609,47970
46099,0.022,0.707,55605
46101,0.036,0.662,54729
46102,0.132,0.718,30391
46103,0.026,0.719,52217
46105,0.028,0.624,44132
46107,0.023,0.593,54655
46109,0.033,0.625,42744
46111,0.025,0.612,49638
46115,0.026,0.636,46504
46117,0.02,0.653,62015
46119,0.019,0.644,58230
46121,0.068,0.778,29193
46123,0.019,0.653,48289
46125,0.024,0.637,54134
46127,0.029,0.7,74439
46129,0.043,0.631,44480
46135,0.023,0.647,48991
46137,0.056,0.596,33239
47001,0.051,0.662,44488
47003,0.053,0.588,44734
47005,0.074,0.539,36201
47007,0.066,0.572,39730
47009,0.045,0.651,49532
47011,0.047,0.677,43772
47013,0.067,0.582,33092
47015,0.049,0.578,43864
47017,0.071,0.586,38412
47019,0.059,0.611,35053
47021,0.04,0.634,56447
47023,0.057,0.615,43452
47025,0.064,0.577,35193
47027,0.064,0.553,32750
47029,0.06,0.534,31355
47031,0.049,0.608,44452
47033,0.052,0.596,38474
47035,0.059,0.617,39472
47037,0.038,0.759,51999
47039,0.073,0.554,38771
47041,0.058,0.568,43804
47043,0.044,0.563,47621
47045,0.061,0.598,43391
47047,0.053,0.642,56710
47049,0.06,0.558,31824
47051,0.057,0.63,47286
47053,0.062,0.616,40789
47055,0.043,0.577,42207
47057,0.054,0.547,38103
47059,0.058,0.574,36309
47061,0.066,0.58,33595
47063,0.053,0.579,39566
47065,0.05,0.727,48943
47067,0.08,0.606,27987
47069,0.062,0.556,37729
47071,0.062,0.564,36765
47073,0.055,0.558,38708
47075,0.065,0.579,35216
47077,0.07,0.602,41328
47079,0.06,0.549,38328
47081,0.046,0.567,39682
47083,0.077,0.537,39999
47085,0.062,0.572,43657
47087,0.073,0.523,34651
47089,0.054,0.605,42669
47091,0.049,0.591,33402
47093,0.043,0.735,52136
47095,0.073,0.554,29908
47097,0.078,0.555,34715
47099,0.059,0.578,40076
47101,0.058,0.568,38198
47103,0.044,0.581,43694
47105,0.048,0.658,52787
47107,0.058,0.573,39207
47109,0.074,0.558,37337
47111,0.045,0.561,37865
47113,0.053,0.671,46694
47115,0.067,0.628,41090
47117,0.048,0.58,46788
47119,0.042,0.634,50868
47121,0.072,0.573,41061
47123,0.055,0.58,37867
47125,0.055,0.692,49603
47127,0.042,0.598,52911
47129,0.066,0.487,46067
47131,0.075,0.587,39946
47133,0.056,0.563,36316
47135,0.062,0.586,34445
47137,0.057,0.616,34714
47139,0.058,0.567,38923
47141,0.052,0.622,40629
47143,0.075,0.619,39863
47145,0.058,0.634,43939
47147,0.044,0.616,53413
47149,0.04,0.704,60022
47151,0.074,0.524,33254
47153,0.061,0.598,43207
47155,0.042,0.625,41987
47157,0.058,0.729,46998
47159,0.046,0.52,44556
47161,0.068,0.58,44266
47163,0.055,0.652,42277
47165,0.041,0.672,59816
47167,0.059,0.61,54077
47169,0.049,0.572,47531
47171,0.069,0.584,36641
47173,0.059,0.558,36878
47175,0.058,0.499,39348
47177,0.048,0.575,39357
47179,0.051,0.693,45261
47181,0.062,0.564,34895
47183,0.073,0.602,38025
47185,0.054,0.547,38649
47187,0.037,0.836,104367
47189,0.04,0.679,65372
48001,0.048,0.631,43062
48003,0.049,0.664,72184
48005,0.066,0.684,45428
48007,0.059,0.691,41560
48009,0.045,0.635,60414
48011,0.035,0.757,55198
48013,0.057,0.64,49047
48015,0.059,0.697,57960
48017,0.046,0.676,38299
48019,0.043,0.708,53662
48021,0.041,0.696,56866
48023,0.035,0.683,38231
48025,0.085,0.669,42540
48027,0.048,0.718,48894
48029,0.041,0.748,52230
48031,0.033,0.693,53449
48033,0.034,0.711,63358
48035,0.047,0.653,47135
48037,0.054,0.64,42515
48039,0.057,0.743,71230
48041,0.039,0.796,44767
48043,0.043,0.786,41785
48045,0.048,0.744,42261
48047,0.125,0.624,30124
48049,0.048,0.621,41981
48051,0.052,0.636,50113
48053,0.038,0.681,53086
48055,0.045,0.64,46093
48057,0.055,0.682,50873
48059,0.046,0.613,44450
48061,0.076,0.76,34044
48063,0.078,0.635,40768
48065,0.035,0.716,61083
48067,0.082,0.56,39274
48069,0.035,0.669,43372
48071,0.068,0.682,77282
48073,0.055,0.666,41355
48075,0.035,0.599,37732
48077,0.045,0.605,51234
48079,0.06,0.703,39398
48081,0.039,0.665,42498
48083,0.064,0.589,35922
48085,0.038,0.845,86823
48087,0.036,0.673,38775
48089,0.053,0.612,47783
48091,0.042,0.745,68362
48093,0.046,0.63,41155
48095,0.032,0.699,39945
48097,0.042,0.679,54534
48099,0.049,0.697,45989
48101,0.05,0.691,35602
48103,0.091,0.696,65883
48105,0.067,0.728,53903
48107,0.051,0.693,34562
48109,0.041,0.671,35192
48111,0.025,0.667,47559
48113,0.042,0.771,51824
48115,0.06,0.626,42589
48117,0.035,0.692,45713
48119,0.043,0.664,42846
48121,0.037,0.807,75898
48123,0.06,0.625,47365
48125,0.057,0.717,39169
48127,0.074,0.702,40040
48129,0.053,0.665,36862
48131,0.121,0.667,36986
48133,0.057,0.641,41944
48135,0.068,0.713,62519
48137,0.052,0.712,37567
48139,0.041,0.703,66811
48141,0.054,0.755,43101
48143,0.047,0.729,45663
48145,0.046,0.623,37912
48147,0.041,0.648,43733
48149,0.041,0.631,53173
48151,0.047,0.666,43082
48153,0.055,0.709,36859
48155,0.046,0.719,36466
48157,0.057,0.825,95117
48159,0.055,0.665,43569
48161,0.072,0.661,48057
48163,0.054,0.662,38809
48165,0.037,0.721,53297
48167,0.059,0.755,66173
48169,0.038,0.722,54606
48171,0.031,0.734,54180
48173,0.043,0.742,74854
48175,0.057,0.605,52612
48177,0.046,0.663,43519
48179,0.073,0.67,49415
48181,0.04,0.68,48164
48183,0.068,0.718,48561
48185,0.076,0.641,44226
48187,0.04,0.703,64252
48189,0.064,0.678,41999
48191,0.082,0.721,32158
48193,0.053,0.668,46181
48195,0.032,0.704,55215
48197,0.042,0.669,38154
48199,0.068,0.618,56201
48201,0.058,0.767,56670
48203,0.067,0.66,46593
48205,0.021,0.657,66231
48207,0.051,0.674,36085
48209,0.037,0.786,61121
48211,0.038,0.742,71177
48213,0.053,0.657,44944
48215,0.084,0.768,35441
48217,0.048,0.669,44965
48219,0.051,0.738,48768
48221,0.05,0.716,61371
48223,0.045,0.627,43284
48225,0.05,0.627,37536
48227,0.061,0.687,47148
48229,0.07,0.755,33048
48231,0.045,0.654,46632
48233,0.067,0.688,53085
48235,0.033,0.651,64777
48237,0.052,0.595,51711
48239,0.053,0.661,53667
48241,0.088,0.56,46541
48243,0.029,0.789,47654
48245,0.076,0.667,47620
48247,0.099,0.698,36048
48249,0.113,0.659,43028
48251,0.047,0.683,58685
48253,0.062,0.61,41871
48255,0.053,0.637,47129
48257,0.04,0.686,60438
48259,0.036,0.789,79108
48261,0.054,0.666,40082
48263,0.029,0.739,45338
48265,0.039,0.722,47389
48267,0.039,0.646,37448
48269,0.036,0.605,69588
48271,0.066,0.721,40840
48273,0.079,0.779,40066
48275,0.053,0.63,43238
48277,0.054,0.653,39433
48279,0.071,0.695,41807
48281,0.046,0.742,50985
48283,0.057,0.673,42500
48285,0.047,0.584,49752
48287,0.042,0.609,54747
48289,0.073,0.638,47740
48291,0.085,0.62,53552
48293,0.062,0.643,40655
48295,0.051,0.628,60955
48297,0.055,0.64,53184
48299,0.043,0.728,46366
48301,0.044,0.481,59499
48303,0.037,0.741,47139
48305,0.045,0.681,38922
48307,0.051,0.687,39900
48309,0.044,0.721,46264
48311,0.022,0.71,60709
48313,0.048,0.632,40857
48315,0.077,0.624,35152
48317,0.048,0.645,60815
48319,0.037,0.653,45340
48321,0.076,0.646,45073
48323,0.114,0.776,34687
48325,0.048,0.681,52831
48327,0.05,0.697,34308
48329,0.046,0.764,79829
48331,0.056,0.625,46433
48333,0.046,0.732,40958
48335,0.073,0.666,41977
48337,0.051,0.659,49653
48339,0.055,0.757,72428
48341,0.032,0.739,49345
48343,0.131,0.653,37236
48345,0.039,0.682,40575
48347,0.055,0.719,39556
48349,0.046,0.695,41047
48351,0.079,0.499,40345
48353,0.051,0.652,40052
48355,0.059,0.718,50188
48357,0.054,0.707,67136
48359,0.034,0.804,53797
48361,0.075,0.6,51156
48363,0.059,0.63,42932
48365,0.075,0.675,50057
48367,0.043,0.731,67545
48369,0.028,0.696,46827
48371,0.059,0.648,45839
48373,0.071,0.623,42746
48375,0.036,0.722,40353
48377,0.119,0.827,33218
48379,0.045,0.605,46698
48381,0.032,0.779,62080
48383,0.077,0.629,65948
48385,0.053,0.714,34031
48387,0.066,0.61,36347
48389,0.061,0.742,44470
48391,0.074,0.641,45562
48393,0.049,0.698,71859
48395,0.055,0.625,53635
48397,0.039,0.778,92150
48399,0.048,0.612,39404
48401,0.064,0.663,49347
48403,0.098,0.552,36813
48405,0.096,0.571,33156
48407,0.069,0.55,42371
48409,0.078,0.689,52952
48411,0.039,0.693,42559
48413,0.059,0.764,53886
48415,0.063,0.693,57385
48417,0.04,0.661,51685
48419,0.065,0.643,41519
48421,0.034,0.721,54010
48423,0.051,0.744,49364
48425,0.051,0.737,58040
48427,0.141,0.778,28292
48429,0.059,0.65,45410
48431,0.038,0.679,62759
48433,0.049,0.625,45928
48435,0.085,0.718,60310
48437,0.047,0.65,40584
48439,0.042,0.762,60735
48441,0.04,0.709,47388
48443,0.041,0.64,43815
48445,0.055,0.705,43357
48447,0.04,0.687,43225
48449,0.072,0.706,41538
48451,0.047,0.697,47756
48453,0.034,0.829,65244
48455,0.067,0.581,37213
48457,0.082,0.582,40820
48459,0.073,0.674,45494
48461,0.05,0.606,57085
48463,0.056,0.768,37700
48465,0.067,0.734,42465
48467,0.046,0.646,47252
48469,0.057,0.687,55406
48471,0.062,0.642,41429
48473,0.064,0.686,50746
48475,0.058,0.65,57570
48477,0.056,0.687,51879
48479,0.052,0.756,39237
48481,0.054,0.664,45198
48483,0.044,0.687,51114
48485,0.046,0.676,45430
48487,0.054,0.701,43073
48489,0.133,0.645,30287
48491,0.036,0.793,78531
48493,0.042,0.652,68805
48495,0.085,0.688,55331
48497,0.051,0.632,58367
48499,0.058,0.653,45753
48501,0.05,0.703,59752
48503,0.048,0.641,49079
48505,0.112,0.74,35754
48507,0.173,0.73,27711
49001,0.061,0.628,50492
49003,0.033,0.675,58380
49005,0.03,0.781,51951
49007,0.061,0.731,47894
49009,0.034,0.653,57368
49011,0.031,0.788,72268
49013,0.086,0.64,63149
49015,0.059,0.671,54086
49017,0.053,0.655,45509
49019,0.035,0.759,44858
49021,0.046,0.753,45118
49023,0.034,0.65,55201
49025,0.028,0.712,47530
49027,0.032,0.709,52206
49029,0.028,0.756,81358
49031,0.048,0.602,39507
49033,0.022,0.624,58645
49035,0.032,0.772,65549
49037,0.073,0.685,39305
49039,0.04,0.73,46929
49041,0.042,0.663,48711
49043,0.029,0.845,93235
49045,0.039,0.679,67938
49047,0.098,0.653,67561
49049,0.031,0.832,65425
49051,0.03,0.793,75112
49053,0.035,0.754,54398
49055,0.053,0.747,41596
49057,0.037,0.709,58786
50001,0.031,0.68,58408
50003,0.04,0.693,50506
50005,0.042,0.639,46403
50007,0.027,0.794,67112
50009,0.052,0.567,41764
50011,0.032,0.624,59280
50013,0.037,0.703,68342
50015,0.037,0.714,54076
50017,0.029,0.651,54552
50019,0.045,0.613,42884
50021,0.04,0.658,51164
50023,0.031,0.708,56333
50025,0.033,0.693,49298
50027,0.031,0.683,53984
51001,0.043,0.601,38690
51003,0.036,0.818,71293
51005,0.049,0.631,45210
51007,0.043,0.659,53078
51009,0.046,0.643,48646
51011,0.047,0.639,49461
51013,0.026,0.917,104354
51015,0.036,0.599,56867
51017,0.036,0.611,44401
51019,0.041,0.69,54153
51021,0.064,0.605,44727
51023,0.035,0.65,62591
51025,0.059,0.643,39748
51027,0.109,0.656,32433
51029,0.051,0.565,43774
51031,0.045,0.639,46938
51033,0.043,0.633,54696
51035,0.059,0.655,42790
51036,0.044,0.607,51645
51037,0.052,0.624,37819
51041,0.038,0.759,75107
51043,0.033,0.72,71789
51045,0.044,0.516,47832
51047,0.038,0.659,63728
51049,0.046,0.635,40958
51051,0.1,0.644,32620
51053,0.048,0.603,52694
51057,0.047,0.615,47427
51059,0.032,0.87,112844
51061,0.034,0.715,89610
51063,0.044,0.644,48448
51065,0.034,0.716,65899
51067,0.043,0.68,49117
51069,0.034,0.695,69991
51071,0.069,0.6,46727
51073,0.036,0.661,63742
51075,0.036,0.731,86257
51077,0.052,0.589,37684
51079,0.032,0.651,60406
51081,0.051,0.577,40252
51083,0.062,0.635,40432
51085,0.035,0.724,81900
51087,0.039,0.772,65524
51089,0.054,0.659,36695
51091,0.03,0.614,42363
51093,0.044,0.723,67480
51095,0.038,0.789,77668
51097,0.042,0.589,47513
51099,0.041,0.697,81128
51101,0.037,0.606,64651
51103,0.044,0.672,47098
51105,0.069,0.664,32135
51107,0.032,0.862,125900
51109,0.037,0.63,57015
51111,0.046,0.651,38941
51113,0.031,0.636,53655
51115,0.038,0.667,56119
51117,0.056,0.675,33650
51119,0.037,0.675,52407
51121,0.045,0.782,51157
51125,0.035,0.664,49621
51127,0.033,0.67,79322
51131,0.05,0.658,37515
51133,0.044,0.689,52075
51135,0.04,0.629,39544
51137,0.039,0.653,59482
51139,0.045,0.571,43313
51141,0.045,0.64,37360
51143,0.049,0.647,42390
51145,0.036,0.714,77761
51147,0.056,0.654,41088
51149,0.049,0.666,63320
51153,0.036,0.783,99206
51155,0.1,0.658,48218
51157,0.035,0.744,62729
51159,0.033,0.598,43888
51161,0.036,0.736,63372
51163,0.043,0.637,47561
51165,0.036,0.645,52953
51167,0.065,0.633,38386
51169,0.046,0.638,37567
51171,0.036,0.605,54281
51173,0.056,0.612,38933
51175,0.038,0.652,48119
51177,0.041,0.683,76181
51179,0.04,0.763,95666
51181,0.056,0.708,51331
51183,0.059,0.597,39900
51185,0.081,0.642,40476
51187,0.039,0.634,58047
51191,0.046,0.671,45864
51193,0.042,0.637,47581
51195,0.087,0.676,36076
51197,0.07,0.636,42883
51199,0.04,0.804,83007
51510,0.029,0.879,89177
51520,0.052,0.672,38745
51530,0.051,0.595,38962
51540,0.035,0.778,54876
51550,0.044,0.735,67296
51570,0.045,0.648,45283
51580,0.058,0.565,35374
51590,0.066,0.719,32369
51595,0.064,0.674,33904
51600,0.031,0.848,99671
51610,0.027,0.925,122092
51620,0.059,0.751,36004
51630,0.047,0.731,50710
51640,0.051,0.663,32829
51650,0.057,0.727,50191
51660,0.052,0.735,39967
51670,0.065,0.617,37193
51678,0.074,0.819,44392
51680,0.055,0.749,39939
51683,0.035,0.74,72562
51685,0.035,0.74,75429
51690,0.068,0.703,32541
51700,0.051,0.718,48127
51710,0.054,0.731,45094
51720,0.072,0.806,31287
51730,0.074,0.66,31645
51735,0.036,0.73,86135
51740,0.062,0.711,46308
51750,0.067,0.774,35259
51760,0.047,0.77,40161
51770,0.044,0.696,39587
51775,0.04,0.702,47600
51790,0.039,0.691,43401
51800,0.047,0.717,61171
51810,0.04,0.776,67032
51820,0.041,0.615,43500
51830,0.059,0.845,47971
51840,0.039,0.696,47679
53001,0.048,0.741,48127
53003,0.047,0.695,46573
53005,0.065,0.756,62698
53007,0.051,0.699,53604
53009,0.076,0.721,46708
53011,0.066,0.747,64282
53013,0.059,0.725,40209
53015,0.076,0.691,50502
53017,0.066,0.723,51400
53019,0.098,0.688,40747
53021,0.065,0.727,58246
53023,0.053,0.706,47087
53025,0.066,0.732,50573
53027,0.087,0.679,44345
53029,0.06,0.767,60567
53031,0.072,0.768,53421
53033,0.039,0.835,81816
53035,0.059,0.768,65814
53037,0.058,0.74,47378
53039,0.065,0.71,50043
53041,0.081,0.684,47619
53043,0.041,0.666,49774
53045,0.083,0.696,54175
53047,0.061,0.702,41844
53049,0.077,0.684,41088
53051,0.089,0.678,41526
53053,0.065,0.712,60168
53055,0.039,0.828,59859
53057,0.067,0.733,56891
53059,0.067,0.708,53733
53061,0.043,0.757,76053
53063,0.063,0.743,48676
53065,0.079,0.656,42845
53067,0.059,0.773,62299
53069,0.084,0.669,50402
53071,0.056,0.774,50120
53073,0.063,0.77,55073
53075,0.055,0.826,43817
53077,0.073,0.722,46891
54001,0.058,0.529,37330
54003,0.04,0.618,54217
54005,0.085,0.506,37971
54007,0.069,0.509,35892
54009,0.065,0.563,45272
54011,0.048,0.681,39044
54013,0.085,0.511,36403
54015,0.091,0.509,30369
54017,0.049,0.557,41115
54019,0.068,0.556,36235
54021,0.068,0.634,36392
54023,0.061,0.498,38370
54025,0.045,0.56,38209
54027,0.041,0.5,40293
54029,0.065,0.572,42009
54031,0.053,0.523,41344
54033,0.054,0.605,46979
54035,0.059,0.589,44675
54037,0.034,0.679,67821
54039,0.052,0.627,44849
54041,0.071,0.503,39601
54043,0.074,0.566,35249
54045,0.1,0.584,35615
54047,0.131,0.561,26413
54049,0.06,0.591,43654
54051,0.07,0.549,48109
54053,0.07,0.525,35717
54055,0.067,0.621,35342
54057,0.06,0.498,43159
54059,0.117,0.59,31742
54061,0.045,0.701,46718
54063,0.045,0.506,34974
54065,0.045,0.588,45628
54067,0.085,0.52,38912
54069,0.053,0.655,46315
54071,0.035,0.54,40257
54073,0.075,0.499,48308
54075,0.051,0.526,36822
54077,0.052,0.536,43804
54079,0.046,0.622,58933
54081,0.063,0.605,38564
54083,0.053,0.537,37185
54085,0.059,0.521,39501
54087,0.085,0.535,36176
54089,0.055,0.595,35676
54091,0.052,0.564,43652
54093,0.048,0.473,38000
54095,0.081,0.508,42696
54097,0.07,0.516,40766
54099,0.063,0.591,35537
54101,0.082,0.57,30673
54103,0.081,0.513,41833
54105,0.081,0.524,42309
54107,0.057,0.619,41133
54109,0.094,0.54,35020
55001,0.056,0.563,42844
55003,0.051,0.65,40163
55005,0.039,0.602,51056
55007,0.058,0.698,50080
55009,0.036,0.687,56003
55011,0.042,0.575,53892
55013,0.049,0.6,44858
55015,0.034,0.662,71298
55017,0.036,0.615,53209
55019,0.032,0.567,50187
55021,0.033,0.651,60837
55023,0.043,0.573,44895
55025,0.028,0.81,65416
55027,0.037,0.598,56514
55029,0.034,0.671,55047
55031,0.052,0.668,48715
55033,0.038,0.654,53082
55035,0.034,0.731,51937
55037,0.055,0.608,46193
55039,0.036,0.615,58049
55041,0.062,0.593,44098
55043,0.037,0.613,51008
55045,0.031,0.61,59155
55047,0.039,0.577,49493
55049,0.03,0.637,58092
55051,0.07,0.642,42328
55053,0.037,0.578,50653
55055,0.039,0.635,61622
55057,0.04,0.578,46051
55059,0.048,0.672,56414
55061,0.031,0.558,60572
55063,0.037,0.723,51428
55065,0.029,0.585,56428
55067,0.054,0.576,44635
55069,0.043,0.595,51406
55071,0.043,0.601,51951
55073,0.034,0.629,56347
55075,0.052,0.574,48545
55077,0.047,0.562,48508
55078,0.086,0.562,33410
55079,0.055,0.719,45905
55081,0.035,0.606,52975
55083,0.039,0.563,53243
55085,0.043,0.657,50297
55087,0.035,0.658,60649
55089,0.034,0.775,80135
55091,0.032,0.57,50094
55093,0.038,0.674,63735
55095,0.038,0.61,54946
55097,0.035,0.663,57010
55099,0.038,0.584,44932
55101,0.053,0.693,57367
55103,0.034,0.59,46998
55105,0.043,0.632,54107
55107,0.045,0.568,42289
55109,0.035,0.723,74624
55111,0.031,0.634,52025
55113,0.056,0.655,44556
55115,0.039,0.547,50948
55117,0.033,0.633,58190
55119,0.035,0.537,48951
55121,0.034,0.612,53695
55123,0.031,0.619,49217
55125,0.045,0.686,42993
55127,0.04,0.682,58554
55129,0.046,0.612,45043
55131,0.034,0.7,70778
55133,0.036,0.757,78689
55135,0.037,0.563,54849
55137,0.046,0.577,49912
55139,0.037,0.66,52725
55141,0.047,0.608,51025
56001,0.033,0.83,44455
56003,0.044,0.687,50056
56005,0.068,0.656,83042
56007,0.041,0.644,60209
56009,0.06,0.62,70307
56011,0.04,0.653,64851
56013,0.066,0.683,52408
56015,0.033,0.701,48146
56017,0.043,0.692,46021
56019,0.044,0.639,56845
56021,0.04,0.737,59147
56023,0.038,0.685,62364
56025,0.068,0.725,56703
56027,0.033,0.719,46693
56029,0.037,0.715,55527
56031,0.046,0.692,51863
56033,0.04,0.728,57122
56035,0.054,0.648,77581
56037,0.057,0.646,71867
56039,0.02,0.821,83290
56041,0.053,0.638,62968
56043,0.045,0.707,56088
56045,0.049,0.678,60986
72001,0.157,0.735,#N/A
72003,0.145,0.789,#N/A
72005,0.149,0.735,#N/A
72007,0.145,0.686,#N/A
72009,0.151,0.675,#N/A
72011,0.13,0.665,#N/A
72013,0.137,0.707,#N/A
72015,0.187,0.661,#N/A
72017,0.15,0.665,#N/A
72019,0.141,0.697,#N/A
72021,0.092,0.767,#N/A
72023,0.129,0.746,#N/A
72025,0.107,0.738,#N/A
72027,0.128,0.736,#N/A
72029,0.124,0.702,#N/A
72031,0.088,0.745,#N/A
72033,0.099,0.708,#N/A
72035,0.112,0.681,#N/A
72037,0.134,0.673,#N/A
72039,0.169,0.694,#N/A
72041,0.106,0.673,#N/A
72043,0.195,0.677,#N/A
72045,0.137,0.686,#N/A
72047,0.126,0.703,#N/A
72049,0.038,0.675,#N/A
72051,0.085,0.743,#N/A
72053,0.138,0.67,#N/A
72054,0.154,0.578,#N/A
72055,0.179,0.645,#N/A
72057,0.173,0.646,#N/A
72059,0.181,0.699,#N/A
72061,0.063,0.825,#N/A
72063,0.092,0.768,#N/A
72065,0.141,0.784,#N/A
72067,0.127,0.683,#N/A
72069,0.142,0.694,#N/A
72071,0.143,0.698,#N/A
72073,0.125,0.634,#N/A
72075,0.158,0.704,#N/A
72077,0.134,0.704,#N/A
72079,0.188,0.752,#N/A
72081,0.178,0.771,#N/A
72083,0.137,0.733,#N/A
72085,0.147,0.671,#N/A
72087,0.127,0.62,#N/A
72089,0.15,0.659,#N/A
72091,0.122,0.735,#N/A
72093,0.137,0.644,#N/A
72095,0.177,0.743,#N/A
72097,0.145,0.694,#N/A
72099,0.156,0.7,#N/A
72101,0.143,0.715,#N/A
72103,0.128,0.718,#N/A
72105,0.136,0.737,#N/A
72107,0.154,0.682,#N/A
72109,0.206,0.689,#N/A
72111,0.169,0.688,#N/A
72113,0.138,0.704,#N/A
72115,0.161,0.738,#N/A
72117,0.133,0.783,#N/A
72119,0.115,0.687,#N/A
72121,0.165,0.666,#N/A
72123,0.234,0.663,#N/A
72125,0.154,0.698,#N/A
72127,0.082,0.787,#N/A
72129,0.132,0.711,#N/A
72131,0.181,0.77,#N/A
72133,0.206,0.687,#N/A
72135,0.089,0.755,#N/A
72137,0.091,0.707,#N/A
72139,0.076,0.765,#N/A
72141,0.153,0.721,#N/A
72143,0.12,0.772,#N/A
72145,0.143,0.878,#N/A
72147,0.113,0.67,#N/A
72149,0.196,0.656,#N/A
72151,0.166,0.726,#N/A
72153,0.18,0.71,#N/A
